title	year	trailer_duration	actors	awards	box_office	country	director	dvd_release	genre	imdb_id	imdb_type	imdb_votes	language	long_plot	movie_runtime	poster	production	rated	rating	release_date	short_plot	video_id	writer	youtube_comment	youtube_dislike	youtube_favorite	youtube_like	youtube_link	youtube_view
Antlers	2020	123.0	Keri Russell, Jesse Plemons, Jeremy T. Thomas, Graham Greene			USA	Scott Cooper		Horror	tt7740510	movie		English	A small-town Oregon teacher and her brother, the local sheriff, become entwined with a young student harboring a dangerous secret with frightening consequences.		https://m.media-amazon.com/images/M/MV5BMWZkYTlmOTgtMmU2NS00NzQzLWE4MGEtZGY1MTUwZjA2ODBlXkEyXkFqcGdeQXVyMTkxNjUyNQ@@._V1_SX300.jpg		R			A small-town Oregon teacher and her brother, the local sheriff, become entwined with a young student harboring a dangerous secret with frightening consequences.	0rM5WnicOAE	"C. Henry Chaisson (screenplay), Nick Antosca (screenplay), Scott Cooper (screenplay by), Nick Antosca (short story ""The Quiet Boy"")"	1125.0	468.0	0.0	13610.0	www.youtube.com/watch/0rM5WnicOAE	761685.0
Bloodshot	2020	131.0	Eiza González, Sam Heughan, Vin Diesel, Toby Kebbell			USA	Dave Wilson		Action, Drama, Fantasy, Sci-Fi	tt1634106	movie		English	Ray Garrison, a slain soldier, is re-animated with superpowers.		https://m.media-amazon.com/images/M/MV5BMWNkNzhmYzUtZGYwMS00YTY5LWI0MmYtOTA5NDJmNGMxNjYzXkEyXkFqcGdeQXVyODk4OTc3MTY@._V1_SX300.jpg				21 Feb 2020	Ray Garrison, a slain soldier, is re-animated with superpowers.	KB_uCjht0nA	Eric Heisserer (screenplay), Bob Layton (comic book), Don Perlin (comic book), Kevin VanHook (comic book), Jeff Wadlow (screenplay)	333.0	178.0	0.0	2794.0	www.youtube.com/watch/KB_uCjht0nA	114496.0
Jungle Cruise	2020	144.0	Jesse Plemons, Emily Blunt, Dwayne Johnson, Jack Whitehall			USA	Jaume Collet-Serra		Adventure, Family, Fantasy	tt0870154	movie		English	Based on Disneyland's theme park ride where a small riverboat takes a group of travelers through a jungle filled with dangerous animals and reptiles, but with a supernatural element.		https://m.media-amazon.com/images/M/MV5BY2QxNmVjZTAtOTg3Zi00ZTMxLWJiODAtZDQ3OGEwOGI4MGY3XkEyXkFqcGdeQXVyMTkxNjUyNQ@@._V1_SX300.jpg	Walt Disney Pictures			24 Jul 2020	Based on Disneyland's theme park ride where a small riverboat takes a group of travelers through a jungle filled with dangerous animals and reptiles, but with a supernatural element.	FF932ZU6Kn4	Glenn Ficarra (screenplay), Michael Green, John Requa (screenplay)	1340.0	729.0	0.0	12997.0	www.youtube.com/watch/FF932ZU6Kn4	949628.0
Onward	2020	159.0	Tom Holland, Chris Pratt, Julia Louis-Dreyfus, Octavia Spencer			USA	Dan Scanlon		Animation, Adventure, Comedy, Family, Fantasy	tt7146812	movie		English	Set in a suburban fantasy world, two teenage elf brothers embark on a quest to discover if there is still magic out there.		https://m.media-amazon.com/images/M/MV5BYWM1ZDQ5YzctOWI4Yi00YmQ3LThkMTctMGM5MTc0ZWNhODhjXkEyXkFqcGdeQXVyNDg4NjY5OTQ@._V1_SX300.jpg	Walt Disney Pictures			06 Mar 2020	Set in a suburban fantasy world, two teenage elf brothers embark on a quest to discover if there is still magic out there.	Alv1znZA6Es	Dan Scanlon	405.0	221.0	0.0	5261.0	www.youtube.com/watch/Alv1znZA6Es	259400.0
The Turning	2020	151.0	Mackenzie Davis, Finn Wolfhard, Brooklynn Prince, Karen Egan			USA	Floria Sigismondi		Drama, Horror	tt7510346	movie		English	"A young governess is hired by a man who has become responsible for his young nephew and niece after the deaths of their parents. A modern take on Henry James' novella ""The Turn of the Screw""."		https://m.media-amazon.com/images/M/MV5BY2ZiMzVkNzktZjlmMy00MWE1LWJkMjgtZTFiMWYyYTU3M2FjXkEyXkFqcGdeQXVyMDM2NDM2MQ@@._V1_SX300.jpg	Amblin Entertainment	PG-13		24 Jan 2020	"A young governess is hired by a man who has become responsible for his young nephew and niece after the deaths of their parents. A modern take on Henry James' novella ""The Turn of the Screw""."	VqCpR19iBpc	Carey W. Hayes, Chad Hayes, Henry James (novel)	984.0	516.0	0.0	11312.0	www.youtube.com/watch/VqCpR19iBpc	554996.0
The Gentlemen	2020	154.0	Matthew McConaughey, Charlie Hunnam, Michelle Dockery, Jeremy Strong			USA	Guy Ritchie		Action, Crime	tt8367814	movie		English	A very British drug lord tries to sell off his highly profitable empire to a dynasty of Oklahoma billionaires.		https://m.media-amazon.com/images/M/MV5BZTk1NzJmNzUtODJkNy00YzAwLWFiMjgtNWRlMDI1ZjUzMjMzXkEyXkFqcGdeQXVyMTkxNjUyNQ@@._V1_SX300.jpg				24 Jan 2020	A very British drug lord tries to sell off his highly profitable empire to a dynasty of Oklahoma billionaires.	Ify9S7hj480	Guy Ritchie (screenplay by), Guy Ritchie (story by), Ivan Atkinson (story), Marn Davies (story)	1040.0	447.0	0.0	16483.0	www.youtube.com/watch/Ify9S7hj480	1293911.0
The King's Man	2020	151.0	Gemma Arterton, Aaron Taylor-Johnson, Matthew Goode, Ralph Fiennes			UK, USA	Matthew Vaughn		Action, Adventure, Comedy	tt6856242	movie		English	As a collection of history's worst tyrants and criminal masterminds gather to plot a war to wipe out millions, one man must race against time to stop them.		https://m.media-amazon.com/images/M/MV5BOTNiOTlhNzMtZDgxNy00M2MwLTgwNTAtZTM2NGZmYTJjMDU3XkEyXkFqcGdeQXVyNjg2NjQwMDQ@._V1_SX300.jpg	20th Century Fox			14 Feb 2020	As a collection of history's worst tyrants and criminal masterminds gather to plot a war to wipe out millions, one man must race against time to stop them.	5aq0o2C6LVE	Karl Gajdusek (screenplay), Dave Gibbons (characters), Jane Goldman (screenplay), Mark Millar (characters), Matthew Vaughn (characters), Matthew Vaughn (screenplay)	528.0	199.0	0.0	8648.0	www.youtube.com/watch/5aq0o2C6LVE	458492.0
The Secret Garden	2020	101.0	Colin Firth, Julie Walters, Maeve Dermody, Dixie Egerickx			UK, France	Marc Munden		Drama, Family, Fantasy	tt2702920	movie			A girl discovers a magical garden hidden at her uncle's house.		https://m.media-amazon.com/images/M/MV5BZjRmZjVhYjItYjZkNy00YWYzLWFmYmEtMWU4ZjZjNWEwM2NhXkEyXkFqcGdeQXVyMTkxNjUyNQ@@._V1_SX300.jpg				15 Apr 2020	A girl discovers a magical garden hidden at her uncle's house.	txDYwh46tew	Frances Hodgson Burnett (novel), Jack Thorne (adaptation)	344.0	430.0	0.0	2714.0	www.youtube.com/watch/txDYwh46tew	169067.0
Like a Boss	2020	144.0	Rose Byrne, Salma Hayek, Tiffany Haddish, Ari Graynor			USA	Miguel Arteta		Comedy	tt7545266	movie		English	Two female friends with very different ideals decide to start a beauty company together. One is more practical, while the other wants to earn her fortune and live a lavish lifestyle.			Paramount Pictures			10 Jan 2020	Two female friends with very different ideals decide to start a beauty company together. One is more practical, while the other wants to earn her fortune and live a lavish lifestyle.	xOQioNJZ_qc	Adam Cole-Kelly, Sam Pitman	195.0	423.0	0.0	1688.0	www.youtube.com/watch/xOQioNJZ_qc	101796.0
Bad Boys for Life	2020	158.0	Will Smith, Vanessa Hudgens, Martin Lawrence, Alexander Ludwig			USA	Adil El Arbi, Bilall Fallah		Action, Comedy, Crime, Thriller	tt1502397	movie		English	Marcus Burnett is now a police inspector and Mike Lowery is in a midlife crisis. They unite again when an Albanian mercenary, whose brother they killed, promises them an important bonus.		https://m.media-amazon.com/images/M/MV5BOTQwMmM5NDMtOGEyMS00NzY2LWExZmQtZjhkYTVkMGU1NTA2XkEyXkFqcGdeQXVyODkzNTgxMDg@._V1_SX300.jpg	Sony Pictures			17 Jan 2020	Marcus Burnett is now a police inspector and Mike Lowery is in a midlife crisis. They unite again when an Albanian mercenary, whose brother they killed, promises them an important bonus.	F9x4cb7P-hI	Joe Carnahan (screenplay by), Chris Bremner (screenplay by), Peter Craig (story by), Joe Carnahan (story by), Chris Bremner (story by)	1105.0	593.0	0.0	12722.0	www.youtube.com/watch/F9x4cb7P-hI	562960.0
Underwater	2020	149.0	Kristen Stewart, T.J. Miller, Vincent Cassel, Jessica Henwick			USA	William Eubank		Action, Drama, Horror, Mystery, Thriller	tt5774060	movie		English	A crew of aquatic researchers work to get to safety after an earthquake devastates their subterranean laboratory. But the crew has more than the ocean seabed to fear.		https://m.media-amazon.com/images/M/MV5BNzM0OGZiZWItYmZiNC00NDgzLTg1MjMtYjM4MWZhOGZhMDUwXkEyXkFqcGdeQXVyMTkxNjUyNQ@@._V1_SX300.jpg		PG-13		10 Jan 2020	A crew of aquatic researchers work to get to safety after an earthquake devastates their subterranean laboratory. But the crew has more than the ocean seabed to fear.	Rszr56AH3Co	Brian Duffield (screenplay by), Adam Cozad (screenplay by), Brian Duffield (story by)	2093.0	838.0	0.0	11728.0	www.youtube.com/watch/Rszr56AH3Co	907994.0
Top Gun: Maverick	2020	138.0	Tom Cruise, Jennifer Connelly, Glen Powell, Jon Hamm			USA, Hong Kong	Joseph Kosinski		Action, Drama	tt1745960	movie		English	The plot is unknown at this time.		https://m.media-amazon.com/images/M/MV5BOTdiNjNjYTUtYzUxZC00NTljLWExYjktZmI0ODQ3ODg5N2U3XkEyXkFqcGdeQXVyNjg3MDMxNzU@._V1_SX300.jpg	Paramount Pictures			26 Jun 2020	The plot is unknown at this time.	VbfC4lrNulE	Jim Cash (characters), Peter Craig, Jack Epps Jr. (characters), Justin Marks, Christopher McQuarrie, Eric Warren Singer	2861.0	558.0	0.0	23207.0	www.youtube.com/watch/VbfC4lrNulE	1661524.0
Mulan	2020	100.0	Yifei Liu, Donnie Yen, Jet Li, Li Gong			USA	Niki Caro		Action, Adventure, Drama, Family	tt4566758	movie		English	A young Chinese maiden disguises herself as a male warrior in order to save her father. A live-action feature film based on Disney's 'Mulan.'		https://m.media-amazon.com/images/M/MV5BZWM3N2Q2YWYtZDUxMS00Yjc1LWE2ZWEtNTE1YmU1MmJhZTliXkEyXkFqcGdeQXVyMTkxNjUyNQ@@._V1_SX300.jpg	Walt Disney Pictures			27 Mar 2020	A young Chinese maiden disguises herself as a male warrior in order to save her father. A live-action feature film based on Disney's 'Mulan.'	mVgdfP7qj7s	Rick Jaffa (screenplay by), Amanda Silver (screenplay by), Elizabeth Martin (screenplay by), Lauren Hynek (screenplay by)	5644.0	4969.0	0.0	36568.0	www.youtube.com/watch/mVgdfP7qj7s	2341846.0
Trolls World Tour	2020	161.0	Anna Kendrick, Sam Rockwell, Jamie Dornan, Rachel Bloom			USA	Walt Dohrn, David P. Smith(co-director)		Animation, Adventure, Comedy, Family, Fantasy, Musical	tt6587640	movie		English	Sequel to the 2016 animated hit.		https://m.media-amazon.com/images/M/MV5BMzg4MGE4ODUtYWQ4My00MTRiLWEyYmQtYWZjMzFjMmQ5MDZjXkEyXkFqcGdeQXVyMTkxNjUyNQ@@._V1_SX300.jpg				17 Apr 2020	Sequel to the 2016 animated hit.	JPzmECxyp_8	Jonathan Aibel, Glenn Berger	1456.0	1439.0	0.0	14465.0	www.youtube.com/watch/JPzmECxyp_8	1751336.0
The New Mutants	2020	129.0	Anya Taylor-Joy, Antonio Banderas, Maisie Williams, Alice Braga			USA	Josh Boone		Action, Horror, Sci-Fi	tt4682266	movie		English	Five young mutants, just discovering their abilities while held in a secret facility against their will, fight to escape their past sins and save themselves.		https://m.media-amazon.com/images/M/MV5BMTgxNzM1NzExM15BMl5BanBnXkFtZTgwODMwMDIzNDM@._V1_SX300.jpg	20th Century Fox			03 Apr 2020	Five young mutants, just discovering their abilities while held in a secret facility against their will, fight to escape their past sins and save themselves.	HwT879-4Wjs	Josh Boone, Knate Lee, Chris Claremont (based on the Marvel comics by), Bob McLeod (based on the Marvel comics by), Len Wein (character created by: Magik), Dave Cockrum (character created by: Magik)	2561.0	1948.0	0.0	18241.0	www.youtube.com/watch/HwT879-4Wjs	1451016.0
Knives Out	2019	71.0	Ana de Armas, Toni Collette, Chris Evans, Daniel Craig			USA	Rian Johnson		Comedy, Crime, Drama, Mystery, Thriller	tt8946378	movie	397.0	English	A detective investigates the death of a patriarch of an eccentric, combative family.	130 min	https://m.media-amazon.com/images/M/MV5BMGUwZjliMTAtNzAxZi00MWNiLWE2NzgtZGUxMGQxZjhhNDRiXkEyXkFqcGdeQXVyNjU1NzU3MzE@._V1_SX300.jpg	Lionsgate	PG-13	Internet Movie Database:7.6/10,Rotten Tomatoes:99%,Metacritic:84/100	27 Nov 2019	A detective investigates the death of a patriarch of an eccentric, combative family.	sE6fTeuKZkg	Rian Johnson	155.0	127.0	0.0	1791.0	www.youtube.com/watch/sE6fTeuKZkg	98814.0
21 Bridges	2019	71.0	Sienna Miller, Taylor Kitsch, J.K. Simmons, Keith David			USA	Brian Kirk		Action, Crime, Drama, Thriller	tt8688634	movie	76.0	English	A disgraced detective in the NYPD is given a shot at redemption.	99 min	https://m.media-amazon.com/images/M/MV5BYTg4YzEzNDQtZDAxOS00M2YyLTljZWEtNjk4YTc4NDM2NTBhXkEyXkFqcGdeQXVyMTkxNjUyNQ@@._V1_SX300.jpg	STXfilms		Internet Movie Database:7.4/10	22 Nov 2019	A disgraced detective in the NYPD is given a shot at redemption.	70UY9X7qhE0	Adam Mervis (screenplay), Matthew Michael Carnahan (screenplay), Adam Mervis (story)	91.0	56.0	0.0	1540.0	www.youtube.com/watch/70UY9X7qhE0	58927.0
The King	2019	140.0	Robert Pattinson, Timothée Chalamet, Ben Mendelsohn, Joel Edgerton			UK, Hungary, Australia	David Michôd	01 Nov 2019	Biography, Drama, History, Romance, War	tt7984766	movie	400.0	English, French	Hal, wayward prince and heir to the English throne, is crowned King Henry V after his tyrannical father dies. Now the young king must navigate palace politics, the war his father left behind, and the emotional strings of his past life.	133 min	https://m.media-amazon.com/images/M/MV5BOGZhMWFhMTAtNGM3Ni00MTdhLTg3NmMtMDViYTc5ODVkZWVlXkEyXkFqcGdeQXVyMTkxNjUyNQ@@._V1_SX300.jpg	Netflix	R	Internet Movie Database:6.5/10,Rotten Tomatoes:71%,Metacritic:67/100	01 Nov 2019	Hal, wayward prince and heir to the English throne, is crowned King Henry V after his tyrannical father dies. Now the young king must navigate palace politics, the war his father left behind, and the emotional strings of his past life.	Klw-rra8hOA	Joel Edgerton, David Michôd	181.0	83.0	0.0	2158.0	www.youtube.com/watch/Klw-rra8hOA	107744.0
Star Wars: The Rise of Skywalker	2019	152.0	Billie Lourd, Oscar Isaac, Daisy Ridley, Mark Hamill			USA	J.J. Abrams		Action, Adventure, Fantasy, Sci-Fi	tt2527338	movie		English	The surviving Resistance faces the First Order once more in the final chapter of the Skywalker saga.		https://m.media-amazon.com/images/M/MV5BZWU1NDI3YjEtZTlmMy00Y2FmLWI1ZDYtMjYwNDUxYTdlODllXkEyXkFqcGdeQXVyODkzNTgxMDg@._V1_SX300.jpg	Walt Disney Pictures			20 Dec 2019	The surviving Resistance faces the First Order once more in the final chapter of the Skywalker saga.	zvcKNaWgpXA	J.J. Abrams, Chris Terrio, George Lucas (based on characters created by), Colin Trevorrow, Derek Connolly	3486.0	4181.0	0.0	15331.0	www.youtube.com/watch/zvcKNaWgpXA	924596.0
Marriage Story	2019	139.0	Merritt Wever, Scarlett Johansson, Laura Dern, Adam Driver			USA	Noah Baumbach	06 Dec 2019	Comedy, Drama	tt7653254	movie	620.0	English	Noah Baumbach's incisive and compassionate look at a marriage breaking up and a family staying together.	136 min	https://m.media-amazon.com/images/M/MV5BY2FmNjZmNzgtZGM3MC00ZjIxLTliMTItMjlmMDY1MmNlZmQ3XkEyXkFqcGdeQXVyMTkxNjUyNQ@@._V1_SX300.jpg	Netflix	R	Internet Movie Database:7.8/10,Rotten Tomatoes:98%,Metacritic:95/100	06 Dec 2019	Noah Baumbach's incisive and compassionate look at a marriage breaking up and a family staying together.	5XTlfPKBIOM	Noah Baumbach	265.0	184.0	0.0	2652.0	www.youtube.com/watch/5XTlfPKBIOM	183321.0
The Report	2019	71.0	Adam Driver, Corey Stoll, Evander Duck Jr., Jon Hamm			USA	Scott Z. Burns	29 Nov 2019	Drama, Thriller	tt8236336	movie	686.0	English	Idealistic Senate staffer Daniel J. Jones, tasked by his boss to lead an investigation into the CIA's post 9/11 Detention and Interrogation Program, uncovers shocking secrets.	119 min	https://m.media-amazon.com/images/M/MV5BZGI3ZGNkOGItNWU3ZS00NDIyLTljZjEtZTk5NzkxMjYwMjEzXkEyXkFqcGdeQXVyMTkxNjUyNQ@@._V1_SX300.jpg	Amazon Studios	R	Internet Movie Database:7.0/10,Rotten Tomatoes:85%,Metacritic:79/100	15 Nov 2019	Idealistic Senate staffer Daniel J. Jones, tasked by his boss to lead an investigation into the CIA's post 9/11 Detention and Interrogation Program, uncovers shocking secrets.	cjXE_9ZmOpk	Scott Z. Burns	205.0	194.0	0.0	2282.0	www.youtube.com/watch/cjXE_9ZmOpk	152952.0
Bombshell	2019	142.0	Margot Robbie, Charlize Theron, Nicole Kidman, Jennifer Morrison			Canada, USA	Jay Roach		Biography, Drama	tt6394270	movie		English	A group of women decide to take on Fox News head Roger Ailes and the toxic atmosphere he presided over the network.	108 min	https://m.media-amazon.com/images/M/MV5BODA0NTc5OTMtODIzMS00NDAzLWE0NWQtNGNkOWU1YWFjNzU3XkEyXkFqcGdeQXVyMTkxNjUyNQ@@._V1_SX300.jpg				20 Dec 2019	A group of women decide to take on Fox News head Roger Ailes and the toxic atmosphere he presided over the network.	B2G9-KhBek8	Charles Randolph	786.0	1351.0	0.0	6266.0	www.youtube.com/watch/B2G9-KhBek8	594862.0
Frozen II	2019	133.0	Jason Ritter, Kristen Bell, Jonathan Groff, Evan Rachel Wood			USA	Chris Buck, Jennifer Lee		Animation, Adventure, Comedy, Family, Fantasy, Musical	tt4520988	movie		English	Anna, Elsa, Kristoff, Olaf and Sven leave Arendelle to travel to an ancient, autumn-bound forest of an enchanted land. They set out to find the origin of Elsa's powers in order to save their kingdom.		https://m.media-amazon.com/images/M/MV5BMjA0YjYyZGMtN2U0Ni00YmY4LWJkZTItYTMyMjY3NGYyMTJkXkEyXkFqcGdeQXVyNDg4NjY5OTQ@._V1_SX300.jpg	Walt Disney Pictures	PG		22 Nov 2019	Anna, Elsa, Kristoff, Olaf and Sven leave Arendelle to travel to an ancient, autumn-bound forest of an enchanted land. They set out to find the origin of Elsa's powers in order to save their kingdom.	_EpH1zU-NIU	Jennifer Lee (characters), Allison Schroeder (screenplay)	431.0	190.0	0.0	6192.0	www.youtube.com/watch/_EpH1zU-NIU	394403.0
Earthquake Bird	2019	133.0	Alicia Vikander, Riley Keough, Jack Huston, Kiki Sukezane			USA	Wash Westmoreland	15 Nov 2019	Crime, Drama, Mystery, Romance, Thriller	tt8178486	movie		English	A young woman living in Tokyo becomes the prime suspect in a horrific murder when her friend goes missing in the wake of a tumultuous love triangle.	107 min	https://m.media-amazon.com/images/M/MV5BZGU3M2I0ODEtMzMwOS00MDk0LWI4NDktNTQ1ZmZkOWMyMGJkXkEyXkFqcGdeQXVyNjgzMjQ0MTA@._V1_SX300.jpg	Netflix	R		01 Nov 2019	A young woman living in Tokyo becomes the prime suspect in a horrific murder when her friend goes missing in the wake of a tumultuous love triangle.	mMcjf_1jhMc	Susanna Jones (novel), Wash Westmoreland (adaptation)	148.0	195.0	0.0	1613.0	www.youtube.com/watch/mMcjf_1jhMc	148183.0
Zombieland: Double Tap	2019	112.0	Zoey Deutch, Emma Stone, Abigail Breslin, Bill Murray			USA	Ruben Fleischer		Action, Comedy, Horror	tt1560220	movie		English	Columbus, Tallahasse, Wichita, and Little Rock move to the American heartland as they face off against evolved zombies, fellow survivors, and the growing pains of the snarky makeshift family.	93 min	https://m.media-amazon.com/images/M/MV5BYjcwNjZhNGYtOGNlNy00NGI3LTlmODMtMGZlMjA3YjA0Njg0XkEyXkFqcGdeQXVyMDM2NDM2MQ@@._V1_SX300.jpg	Columbia Pictures	R		18 Oct 2019	Columbus, Tallahasse, Wichita, and Little Rock move to the American heartland as they face off against evolved zombies, fellow survivors, and the growing pains of the snarky makeshift family.	nI9p58_KJmw	Dave Callaham (screenplay), Rhett Reese (screenplay), Paul Wernick (screenplay)	173.0	84.0	0.0	3468.0	www.youtube.com/watch/nI9p58_KJmw	150841.0
Richard Jewell	2019	150.0	Sam Rockwell, Olivia Wilde, Jon Hamm, Kathy Bates			USA	Clint Eastwood		Drama	tt3513548	movie		English	American security guard, Richard Jewell, heroically saves thousands of lives from an exploding bomb at the 1996 Olympics, but is unjustly vilified by journalists and the press who falsely report that he was a terrorist.						13 Dec 2019	American security guard, Richard Jewell, heroically saves thousands of lives from an exploding bomb at the 1996 Olympics, but is unjustly vilified by journalists and the press who falsely report that he was a terrorist.	8tol-REbnKQ	Marie Brenner (magazine article), Billy Ray (screenplay)	343.0	75.0	0.0	2797.0	www.youtube.com/watch/8tol-REbnKQ	171993.0
6 Underground	2019	198.0	Ryan Reynolds, Mélanie Laurent, Adria Arjona, Ben Hardy			USA	Michael Bay		Action, Thriller	tt8106534	movie		English	Six billionaires fake their own deaths and form an elite vigilante squad in order to take down notorious criminals.		https://m.media-amazon.com/images/M/MV5BODM4ZTEwNmItNTkxYi00NjlmLTllMDctMWU4MGZmZDBhOWY2XkEyXkFqcGdeQXVyODUzODAxNDI@._V1_SX300.jpg	Skydance Media			01 Dec 2019	Six billionaires fake their own deaths and form an elite vigilante squad in order to take down notorious criminals.	3VCYs3sTLkA	Rhett Reese, Paul Wernick	1026.0	555.0	0.0	11335.0	www.youtube.com/watch/3VCYs3sTLkA	790575.0
The Irishman	2019	153.0	Robert De Niro, Jesse Plemons, Anna Paquin, Al Pacino			USA	Martin Scorsese	27 Nov 2019	Biography, Crime, Drama, History, Thriller	tt1302006	movie	2745.0	English	A mob hitman recalls his possible involvement with the slaying of Jimmy Hoffa.	209 min	https://m.media-amazon.com/images/M/MV5BMGUyM2ZiZmUtMWY0OC00NTQ4LThkOGUtNjY2NjkzMDJiMWMwXkEyXkFqcGdeQXVyMzY0MTE3NzU@._V1_SX300.jpg	Netflix	R	Internet Movie Database:8.6/10,Rotten Tomatoes:99%,Metacritic:94/100	27 Nov 2019	A mob hitman recalls his possible involvement with the slaying of Jimmy Hoffa.	rLiZpa7e-Rw	Charles Brandt (book), Steven Zaillian (screenplay)	1136.0	330.0	0.0	11634.0	www.youtube.com/watch/rLiZpa7e-Rw	932753.0
Wounds	2019	113.0	Armie Hammer, Zazie Beetz, Karl Glusman, Christin Rankins			UK	Babak Anvari	18 Oct 2019	Drama, Horror, Mystery, Thriller	tt5913798	movie	766.0	English	Disturbing and mysterious things begin to happen to a bartender in New Orleans after he picks up a phone left behind at his bar.	95 min	https://m.media-amazon.com/images/M/MV5BOThiMzJkOTctMzhiZi00MjFlLWFiODMtOGFlNzgwNWI1ZGI5XkEyXkFqcGdeQXVyMTMxODk2OTU@._V1_SX300.jpg	Hulu	R	Internet Movie Database:4.5/10,Rotten Tomatoes:57%,Metacritic:50/100	18 Oct 2019	Disturbing and mysterious things begin to happen to a bartender in New Orleans after he picks up a phone left behind at his bar.	21NsBTI6kHY	Babak Anvari (written for the screen by), Nathan Ballingrud (based on the novella 'The Visible Filth' by)	440.0	387.0	0.0	2857.0	www.youtube.com/watch/21NsBTI6kHY	491257.0
El Camino: A Breaking Bad Movie	2019	137.0	Aaron Paul, Jonathan Banks, Matt Jones, Charles Baker			USA	Vince Gilligan	11 Oct 2019	Action, Drama	tt9243946	movie	81896.0	English	A sequel, of sorts, to Breaking Bad following Jesse Pinkman after the events captured in the finale of Breaking Bad. Jesse is now on the run, as a massive police manhunt for him is in operation.	122 min	https://m.media-amazon.com/images/M/MV5BNjk4MzVlM2UtZGM0ZC00M2M1LThkMWEtZjUyN2U2ZTc0NmM5XkEyXkFqcGdeQXVyOTAzMTc2MjA@._V1_SX300.jpg	Netflix	TV-MA	Internet Movie Database:7.7/10,Rotten Tomatoes:95%,Metacritic:72/100	11 Oct 2019	A sequel, of sorts, to Breaking Bad following Jesse Pinkman after the events captured in the finale of Breaking Bad. Jesse is now on the run, as a massive police manhunt for him is in operation.	Yhjs8B_Wxl8	"Vince Gilligan, Vince Gilligan (based on ""Breaking Bad"" by)"	1110.0	203.0	0.0	10331.0	www.youtube.com/watch/Yhjs8B_Wxl8	649730.0
Uncut Gems	2019	147.0	Adam Sandler, Julia Fox, Kevin Garnett, The Weeknd			USA	Benny Safdie, Josh Safdie		Comedy, Crime, Drama, Mystery, Thriller	tt5727208	movie	702.0	English	A charismatic New York City jeweler always on the lookout for the next big score, makes a series of high-stakes bets that could lead to the windfall of a lifetime. Howard must perform a precarious high-wire act, balancing business, family, and encroaching adversaries on all sides, in his relentless pursuit of the ultimate win.	135 min	https://m.media-amazon.com/images/M/MV5BZDhkMjUyYjItYWVkYi00YTM5LWE4MGEtY2FlMjA3OThlYmZhXkEyXkFqcGdeQXVyODk4OTc3MTY@._V1_SX300.jpg	A24	R	Internet Movie Database:8.0/10,Rotten Tomatoes:95%,Metacritic:90/100	25 Dec 2019	A charismatic New York City jeweler always on the lookout for the next big score, makes a series of high-stakes bets that could lead to the windfall of a lifetime. Howard must perform a precarious high-wire act, balancing business, family, and encroaching adversaries on all sides, in his relentless pursuit of the ultimate win.	WIvC19qUdfI	Ronald Bronstein, Benny Safdie, Josh Safdie	394.0	184.0	0.0	4118.0	www.youtube.com/watch/WIvC19qUdfI	175490.0
Fractured	2019	128.0	Lily Rabe, Sam Worthington, Stephen Tobolowsky, Lucy Capri			USA	Brad Anderson		Thriller	tt4332232	movie	79.0		Driving cross-country, Ray and his wife and daughter stop at a highway rest area where his daughter falls and breaks her arm. After a frantic rush to the hospital and a clash with the ...	100 min	https://m.media-amazon.com/images/M/MV5BZTE0MWE4NzMtMzc4Ny00NWE4LTg2OTQtZmIyNDdhZjdiZmJhXkEyXkFqcGdeQXVyMzY0MTE3NzU@._V1_SX300.jpg			Internet Movie Database:6.2/10	11 Oct 2019	Driving cross-country, Ray and his wife and daughter stop at a highway rest area where his daughter falls and breaks her arm. After a frantic rush to the hospital and a clash with the ...	S8obCz5NSog	Alan B. McElroy	1200.0	220.0	0.0	5480.0	www.youtube.com/watch/S8obCz5NSog	912749.0
The Aeronauts	2019	154.0	Felicity Jones, Eddie Redmayne, Himesh Patel, Anne Reid			USA, UK	Tom Harper	20 Dec 2019	Action, Adventure, Biography, Drama, Thriller	tt6141246	movie	242.0	English	Pilot Amelia Wren (Felicity Jones) and scientist James Glaisher (Eddie Redmayne) find themselves in an epic fight for survival while attempting to make discoveries in a hot air balloon.	101 min	https://m.media-amazon.com/images/M/MV5BMDM3MjZiNWItOTAxNy00ODJjLTlmNWEtMTFiNjU5YTlmZDcwXkEyXkFqcGdeQXVyODE1MjMyNzI@._V1_SX300.jpg	Amazon Studios		Internet Movie Database:6.3/10,Rotten Tomatoes:83%,Metacritic:73/100	06 Dec 2019	Pilot Amelia Wren (Felicity Jones) and scientist James Glaisher (Eddie Redmayne) find themselves in an epic fight for survival while attempting to make discoveries in a hot air balloon.	8EM5qWkxQE8	Tom Harper (story by), Jack Thorne (story by), Jack Thorne	112.0	120.0	0.0	1399.0	www.youtube.com/watch/8EM5qWkxQE8	69920.0
Dark Waters	2019	155.0	Anne Hathaway, Tim Robbins, William Jackson Harper, Mark Ruffalo			USA	Todd Haynes		Biography, Drama, History	tt9071322	movie		English	A corporate defense attorney takes on an environmental lawsuit against a chemical company that exposes a lengthy history of pollution.		https://m.media-amazon.com/images/M/MV5BODQ0M2Y5M2QtZGIwMC00MzJjLThlMzYtNmE3ZTMzZTYzOGEwXkEyXkFqcGdeQXVyMTkxNjUyNQ@@._V1_SX300.jpg		PG-13		22 Nov 2019	A corporate defense attorney takes on an environmental lawsuit against a chemical company that exposes a lengthy history of pollution.	jvQUIt0BWcU	Matthew Michael Carnahan (earlier screenplay), Mario Correa (screenplay), Nathaniel Rich (magazine article)	509.0	136.0	0.0	5776.0	www.youtube.com/watch/jvQUIt0BWcU	341580.0
In the Tall Grass	2019	150.0	Laysla De Oliveira, Avery Whitted, Patrick Wilson, Will Buie Jr.			Canada	Vincenzo Natali	04 Oct 2019	Drama, Horror, Thriller	tt4687108	movie	3418.0	English	After hearing a young boy's cry for help, a sister and brother venture into a vast field of tall grass in Kansas but soon discover there may be no way out...and that something evil lurks within.	101 min	https://m.media-amazon.com/images/M/MV5BN2M0NTJmMDAtNWI0ZC00MjdlLTlmYWEtMjNiMmJmOGRiNTEwXkEyXkFqcGdeQXVyMjUxMTY3ODM@._V1_SX300.jpg	Netflix	TV-MA	Internet Movie Database:5.7/10,Rotten Tomatoes:35%,Metacritic:46/100	04 Oct 2019	After hearing a young boy's cry for help, a sister and brother venture into a vast field of tall grass in Kansas but soon discover there may be no way out...and that something evil lurks within.	I5tEsyUyz-U	Vincenzo Natali, Stephen King (based on the novella by), Joe Hill (based on the novella by)	934.0	384.0	0.0	7683.0	www.youtube.com/watch/I5tEsyUyz-U	770856.0
Little Monsters	2019	105.0	Lupita Nyong'o, Josh Gad, Stephen Peacocke, Kat Stewart			UK, Australia, USA	Abe Forsythe	11 Oct 2019	Comedy, Horror	tt7390588	movie	533.0	English	A washed-up musician teams up with a teacher and a kids show personality to protect young children from a sudden outbreak of zombies.	93 min	https://m.media-amazon.com/images/M/MV5BMjkxMDIyNTAtYjgwZC00YmIwLWFmZTEtZTIzOWZhZjNiZDQwXkEyXkFqcGdeQXVyODk4OTc3MTY@._V1_SX300.jpg	NEON/Hulu	R	Internet Movie Database:6.0/10,Rotten Tomatoes:87%,Metacritic:59/100	11 Oct 2019	A washed-up musician teams up with a teacher and a kids show personality to protect young children from a sudden outbreak of zombies.	HnH8Hqc5mn4	Abe Forsythe	170.0	347.0	0.0	1962.0	www.youtube.com/watch/HnH8Hqc5mn4	116404.0
Last Christmas	2019	192.0	Emilia Clarke, Emma Thompson, Henry Golding, Michelle Yeoh			UK, USA	Paul Feig		Comedy, Drama, Romance	tt8623904	movie		English	Kate is a young woman subscribed to bad decisions. Her last date with disaster? That of having accepted to work as Santa's elf for a department store. However, she meets Tom there. Her life takes a new turn. For Kate, it seems too good to be true.	102 min	https://m.media-amazon.com/images/M/MV5BNTQ4ZmY0NjgtYzVhNy00NzhiLTk3YTYtNzM1MTdjM2VhZDA3XkEyXkFqcGdeQXVyMTkxNjUyNQ@@._V1_SX300.jpg	Universal Pictures	PG-13		08 Nov 2019	Kate is a young woman subscribed to bad decisions. Her last date with disaster? That of having accepted to work as Santa's elf for a department store. However, she meets Tom there. Her life takes a new turn. For Kate, it seems too good to be true.	MneQ4hAwsBI	Emma Thompson (story by), Greg Wise (story by), Emma Thompson (screenplay by), Bryony Kimmings (screenplay)	138.0	154.0	0.0	1889.0	www.youtube.com/watch/MneQ4hAwsBI	128325.0
Midway	2019	155.0	Patrick Wilson, Luke Evans, Woody Harrelson, Dennis Quaid			China, USA	Roland Emmerich		Action, Drama, History, War	tt6924650	movie		English	The story of the Battle of Midway, told by the leaders and the sailors who fought it.	138 min	https://m.media-amazon.com/images/M/MV5BMGVkNGMyMGEtMDNmOC00ZGYyLWEzOTItODdjMzRlZTk4MzUwXkEyXkFqcGdeQXVyODM2Njg2OTg@._V1_SX300.jpg		PG-13		08 Nov 2019	The story of the Battle of Midway, told by the leaders and the sailors who fought it.	BfTYY_pac8o	Wes Tooke	2132.0	1220.0	0.0	10281.0	www.youtube.com/watch/BfTYY_pac8o	989023.0
Countdown	2019	155.0	Darren O'Brien, Chip Davison, Grace E Gonzalez, Korin O'Brien			USA	Ruairi O'Brien		Short, Comedy	tt10293412	movie		English		9 min	https://m.media-amazon.com/images/M/MV5BN2RmMThlOTYtNzI0ZS00NTNmLTg4MTQtMzE3MDNhMzYxMTM1XkEyXkFqcGdeQXVyOTM2ODAzNTU@._V1_SX300.jpg						pqvWtC2ae3M	Anthony Duplantis (story), Lewis Edwards (story), Ruairi O'Brien	1724.0	942.0	0.0	14289.0	www.youtube.com/watch/pqvWtC2ae3M	1001791.0
Doctor Sleep	2019	155.0	Rebecca Ferguson, Ewan McGregor, Jacob Tremblay, Cliff Curtis			USA	Mike Flanagan		Horror	tt5606664	movie		English	"Years following the events of ""The Shining,"" a now-adult Dan Torrance meets a young girl with similar powers as his and tries to protect her from a cult known as The True Knot who prey on children with powers to remain immortal."		https://m.media-amazon.com/images/M/MV5BMzQ5MjA0ZTAtYzhkYy00NTlmLWE4YTgtMTA2ZTE5NjRjNDA2XkEyXkFqcGdeQXVyNjg2NjQwMDQ@._V1_SX300.jpg	Warner Bros. Pictures	R		08 Nov 2019	"Years following the events of ""The Shining,"" a now-adult Dan Torrance meets a young girl with similar powers as his and tries to protect her from a cult known as The True Knot who prey on children with powers to remain immortal."	eFkmiAw5Av8	Stephen King (based on the novel by), Mike Flanagan	827.0	371.0	0.0	5926.0	www.youtube.com/watch/eFkmiAw5Av8	454311.0
Black Christmas	2019	161.0	Cary Elwes, Imogen Poots, Aleyse Shannon, Brittany O'Grady			USA	Sophia Takal		Horror, Mystery, Thriller	tt10481868	movie		English	A group of students are stalked by a stranger during their Christmas break. A remake of the 1974 horror film 'Black Christmas'.		https://m.media-amazon.com/images/M/MV5BMDgyMDhhODEtMWJjOS00NmFjLWFhM2UtZmU1NjQxZWNhY2M3XkEyXkFqcGdeQXVyNjg2NjQwMDQ@._V1_SX300.jpg				13 Dec 2019	A group of students are stalked by a stranger during their Christmas break. A remake of the 1974 horror film 'Black Christmas'.	DH-9_6Eg-qc	Sophia Takal, April Wolfe	1435.0	1676.0	0.0	5147.0	www.youtube.com/watch/DH-9_6Eg-qc	381108.0
Jexi	2019	154.0	Rose Byrne, Justin Hartley, Adam Devine, Alexandra Shipp			USA	Jon Lucas, Scott Moore		Comedy	tt9354944	movie		English	A comedy about what can happen when you love your phone more than anything else in your life.		https://m.media-amazon.com/images/M/MV5BYWM3OTk0NTItZjBlNi00NGE3LTk4MGQtODdlMWM2OWI5MWE3XkEyXkFqcGdeQXVyMTA2MDQ3MTQ3._V1_SX300.jpg	Lionsgate	R		11 Oct 2019	A comedy about what can happen when you love your phone more than anything else in your life.	txSOaY-je-o	Jon Lucas, Scott Moore	646.0	665.0	0.0	6043.0	www.youtube.com/watch/txSOaY-je-o	705807.0
Just Mercy	2019	155.0	Brie Larson, Michael B. Jordan, Jamie Foxx, Rafe Spall			USA	Destin Daniel Cretton		Drama	tt4916630	movie	329.0	English	Just Mercy shadows world-renowned civil rights defense attorney Bryan Stevenson as he recounts his experiences and details the case of a condemned death row prisoner whom he fought to free.	136 min	https://m.media-amazon.com/images/M/MV5BYmE5ODc5YzgtMDAyMi00YjYwLWE2ZWYtNzlhNjY5MTNlZDYyXkEyXkFqcGdeQXVyMTkxNjUyNQ@@._V1_SX300.jpg	Warner Bros.	PG-13	Internet Movie Database:5.7/10,Rotten Tomatoes:85%,Metacritic:65/100	10 Jan 2020	Just Mercy shadows world-renowned civil rights defense attorney Bryan Stevenson as he recounts his experiences and details the case of a condemned death row prisoner whom he fought to free.	MOHMKXT8Jy0	Destin Daniel Cretton (screenplay), Andrew Lanham (screenplay), Bryan Stevenson (memoir)	431.0	233.0	0.0	4325.0	www.youtube.com/watch/MOHMKXT8Jy0	176847.0
Jojo Rabbit	2019	148.0	Roman Griffin Davis, Thomasin McKenzie, Scarlett Johansson, Taika Waititi			Czech Republic, New Zealand, USA	Taika Waititi		Comedy, Drama, War	tt2584384	movie	1150.0	English	A young boy in Hitler's army finds out his mother is hiding a Jewish girl in their home.	108 min	https://m.media-amazon.com/images/M/MV5BZjU0Yzk2MzEtMjAzYy00MzY0LTg2YmItM2RkNzdkY2ZhN2JkXkEyXkFqcGdeQXVyNDg4NjY5OTQ@._V1_SX300.jpg	Fox Searchlight Pictures	PG-13	Internet Movie Database:7.1/10,Rotten Tomatoes:80%,Metacritic:52/100	18 Oct 2019	A young boy in Hitler's army finds out his mother is hiding a Jewish girl in their home.	ZkKaDXapi1o	Christine Leunens (novel), Taika Waititi (screenplay)	1456.0	903.0	0.0	23702.0	www.youtube.com/watch/ZkKaDXapi1o	925383.0
Terminator: Dark Fate	2019	161.0	Linda Hamilton, Arnold Schwarzenegger, Mackenzie Davis, Edward Furlong			China, USA	Tim Miller		Action, Adventure, Sci-Fi	tt6450804	movie		English	Sarah Connor and a hybrid cyborg human must protect a young girl from a newly modified liquid Terminator from the future.		https://m.media-amazon.com/images/M/MV5BNzhlYjE5MjMtZDJmYy00MGZmLTgwN2MtZGM0NTk2ZTczNmU5XkEyXkFqcGdeQXVyMTkxNjUyNQ@@._V1_SX300.jpg	Paramount Pictures			01 Nov 2019	Sarah Connor and a hybrid cyborg human must protect a young girl from a newly modified liquid Terminator from the future.	iyd0eYFl4eY	James Cameron (story by), Charles H. Eglee (story by), Josh Friedman (story by), David S. Goyer (story by), Justin Rhodes (story by), David S. Goyer (screenplay by), Justin Rhodes (screenplay by), Billy Ray (screenplay by), James Cameron (based on characters created by), Gale Anne Hurd (based on characters created by)	2009.0	2289.0	0.0	11589.0	www.youtube.com/watch/iyd0eYFl4eY	708616.0
Joker	2019	155.0	Joaquin Phoenix, Robert De Niro, Zazie Beetz, Frances Conroy			USA, Canada	Todd Phillips		Crime, Drama, Thriller	tt7286456	movie	360218.0	English	"In Gotham City, mentally-troubled comedian Arthur Fleck is disregarded and mistreated by society. He then embarks on a downward spiral of revolution and bloody crime. This path brings him face-to-face with his alter-ego: ""The Joker""."	122 min	https://m.media-amazon.com/images/M/MV5BNGVjNWI4ZGUtNzE0MS00YTJmLWE0ZDctN2ZiYTk2YmI3NTYyXkEyXkFqcGdeQXVyMTkxNjUyNQ@@._V1_SX300.jpg	Warner Bros. Pictures	R	Internet Movie Database:8.9/10,Rotten Tomatoes:68%,Metacritic:59/100	04 Oct 2019	"In Gotham City, mentally-troubled comedian Arthur Fleck is disregarded and mistreated by society. He then embarks on a downward spiral of revolution and bloody crime. This path brings him face-to-face with his alter-ego: ""The Joker""."	rgXplohCw5o	Todd Phillips, Scott Silver, Bob Kane (based on characters created by), Bill Finger (based on characters created by), Jerry Robinson (based on characters created by)	5070.0	2944.0	0.0	116424.0	www.youtube.com/watch/rgXplohCw5o	8992463.0
The Laundromat	2019	110.0	Gary Oldman, Jeffrey Wright, Meryl Streep, Sharon Stone			USA	Steven Soderbergh	18 Oct 2019	Drama	tt5865326	movie	459.0	Russian, English, Mandarin, Spanish	A widow investigates an insurance fraud, chasing leads to a pair of Panama City law partners exploiting the world's financial system.	95 min	https://m.media-amazon.com/images/M/MV5BMGQ1MDgxMWMtMjMzNC00YmE4LWJhNjctNGU4ZDk3MWY0ZGFkXkEyXkFqcGdeQXVyMTM2Mzg4MA@@._V1_SX300.jpg	Netflix	R	Internet Movie Database:6.2/10,Rotten Tomatoes:42%,Metacritic:57/100	27 Sep 2019	A widow investigates an insurance fraud, chasing leads to a pair of Panama City law partners exploiting the world's financial system.	qBDFSK7futA	Jake Bernstein (book), Scott Z. Burns (screenplay)	126.0	128.0	0.0	2276.0	www.youtube.com/watch/qBDFSK7futA	160726.0
Lucy in the Sky	2019	160.0	Natalie Portman, Jon Hamm, Zazie Beetz, Dan Stevens			USA	Noah Hawley		Drama, Sci-Fi	tt4682804	movie	350.0	English	Astronaut Lucy Cola returns to Earth after a transcendent experience during a mission to space, and begins to lose touch with reality in a world that now seems too small.	124 min	https://m.media-amazon.com/images/M/MV5BNmEzMDkxYzItMjdiNC00YzA5LWJmYWMtMzc2Mjc1MTdjNDZiXkEyXkFqcGdeQXVyMTkxNjUyNQ@@._V1_SX300.jpg	26 Keys Productions	R	Internet Movie Database:4.2/10,Rotten Tomatoes:23%,Metacritic:36/100	04 Oct 2019	Astronaut Lucy Cola returns to Earth after a transcendent experience during a mission to space, and begins to lose touch with reality in a world that now seems too small.	iB128dvVN-0	Brian C. Brown (story by), Elliott DiGuiseppi (story by), Noah Hawley (revisions by), Elliott DiGuiseppi, Brian C. Brown	148.0	187.0	0.0	1391.0	www.youtube.com/watch/iB128dvVN-0	177562.0
Lady and the Tramp	2019	95.0	Tessa Thompson, Sam Elliott, Justin Theroux, Benedict Wong			USA	Charlie Bean		Adventure, Comedy, Drama, Family, Musical, Romance	tt8096832	movie		English	CGI and live-action re-imagining of the 1955 Disney classic.		https://m.media-amazon.com/images/M/MV5BM2U3ZDBkYWUtNDY3Ny00OTliLTgxNTAtY2QwZTQxMmEwOTQ1XkEyXkFqcGdeQXVyMTkxNjUyNQ@@._V1_SX300.jpg		PG		12 Nov 2019	CGI and live-action re-imagining of the 1955 Disney classic.	v07NG-auIwI	Andrew Bujalski (screenplay by), Kari Granlund	2965.0	4599.0	0.0	13642.0	www.youtube.com/watch/v07NG-auIwI	917289.0
Motherless Brooklyn	2019	164.0	Bruce Willis, Edward Norton, Cherry Jones, Alec Baldwin			USA	Edward Norton		Crime, Drama	tt0385887	movie	982.0	English	Set against the backdrop of 1950s New York, Motherless Brooklyn follows Lionel Essrog, a lonely private detective afflicted with Tourette's Syndrome, as he ventures to solve the murder of his mentor and only friend, Frank Minna.	144 min	https://m.media-amazon.com/images/M/MV5BNzQ0Mjk1YjItNWI1Ny00NWE2LWFlYTAtYjViY2YzMTVlOGVmXkEyXkFqcGdeQXVyMTkxNjUyNQ@@._V1_SX300.jpg	Warner Bros. Pictures	R	Internet Movie Database:7.9/10,Rotten Tomatoes:63%,Metacritic:62/100	01 Nov 2019	Set against the backdrop of 1950s New York, Motherless Brooklyn follows Lionel Essrog, a lonely private detective afflicted with Tourette's Syndrome, as he ventures to solve the murder of his mentor and only friend, Frank Minna.	m-qoecMs_rg	Jonathan Lethem (based on the novel by), Edward Norton (screenplay)	454.0	153.0	0.0	5192.0	www.youtube.com/watch/m-qoecMs_rg	244278.0
Ad Astra	2019	156.0	Brad Pitt, Tommy Lee Jones, Ruth Negga, Donald Sutherland			USA	James Gray		Adventure, Drama, Mystery, Sci-Fi, Thriller	tt2935510	movie	52852.0	English, Japanese, Russian	Astronaut Roy McBride undertakes a mission across an unforgiving solar system to uncover the truth about his missing father and his doomed expedition that now, 30 years later, threatens the universe.	123 min	https://m.media-amazon.com/images/M/MV5BZTllZTdlOGEtZTBmMi00MGQ5LWFjN2MtOGEyZTliNGY1MzFiXkEyXkFqcGdeQXVyODk4OTc3MTY@._V1_SX300.jpg	20th Century Fox	PG-13	Internet Movie Database:7.0/10,Rotten Tomatoes:83%,Metacritic:80/100	20 Sep 2019	Astronaut Roy McBride undertakes a mission across an unforgiving solar system to uncover the truth about his missing father and his doomed expedition that now, 30 years later, threatens the universe.	vK6Syms-X3w	James Gray, Ethan Gross	778.0	269.0	0.0	6499.0	www.youtube.com/watch/vK6Syms-X3w	803685.0
Rambo: Last Blood	2019	71.0	Sylvester Stallone, Paz Vega, Sergio Peris-Mencheta, Adriana Barraza			USA, Spain, Bulgaria	Adrian Grunberg		Action, Adventure, Thriller	tt1206885	movie	17078.0	English, Spanish	Rambo must confront his past and unearth his ruthless combat skills to exact revenge in a final mission.	89 min	https://m.media-amazon.com/images/M/MV5BNTAxZWM2OTgtOTQzOC00ZTI5LTgyYjktZTRhYWM4YWQxNWI0XkEyXkFqcGdeQXVyMjMwNDgzNjc@._V1_SX300.jpg		R	Internet Movie Database:6.8/10,Metacritic:26/100	20 Sep 2019	Rambo must confront his past and unearth his ruthless combat skills to exact revenge in a final mission.	vtejTSKBT1k	Matthew Cirulnick (screenplay by), Sylvester Stallone (screenplay by), Dan Gordon (story by), Sylvester Stallone (story by), David Morrell (based on the character created by)	573.0	213.0	0.0	5590.0	www.youtube.com/watch/vtejTSKBT1k	402817.0
Zeroville	2019	191.0	Joey King, James Franco, Seth Rogen, Megan Fox			USA	James Franco		Comedy, Drama	tt1881109	movie	176.0	English	A young actor arrives in Hollywood in 1969 during a transitional time in the Industry.	96 min	https://m.media-amazon.com/images/M/MV5BZWIyOWM4MTAtNThlYi00NTBiLWI4ZTUtZmE2MmFmNzQ0MWFjXkEyXkFqcGdeQXVyMTkxNjUyNQ@@._V1_SX300.jpg	myCinema	R	Internet Movie Database:5.0/10,Rotten Tomatoes:26%,Metacritic:28/100	20 Sep 2019	A young actor arrives in Hollywood in 1969 during a transitional time in the Industry.	7fw72WrOrlA	Steve Erickson (novel), Paul Felten, Ian Olds	507.0	1026.0	0.0	3301.0	www.youtube.com/watch/7fw72WrOrlA	376348.0
Little Women	2019	158.0	Florence Pugh, Timothée Chalamet, Emma Watson, Saoirse Ronan			USA	Greta Gerwig		Drama, Romance	tt3281548	movie		English	Four sisters come of age in America in the aftermath of the Civil War.		https://m.media-amazon.com/images/M/MV5BMGVkNWNhNTctMDU3OS00Mjk1LTgwMWYtMzc3ZDVhNTEwNmE1XkEyXkFqcGdeQXVyODk4OTc3MTY@._V1_SX300.jpg	Sony Pictures	PG		25 Dec 2019	Four sisters come of age in America in the aftermath of the Civil War.	2kUTUCg6_R0	Greta Gerwig, Louisa May Alcott (based on the novel by)	1172.0	400.0	0.0	14253.0	www.youtube.com/watch/2kUTUCg6_R0	599541.0
The Kill Team	2019	150.0	Alexander Skarsgård, Nat Wolff, Adam Long, Jonathan Whitesell			USA, Spain	Dan Krauss	25 Oct 2019	Action, Drama, Thriller	tt6196936	movie	81.0	English	A young American soldier in Afghanistan is disturbed by his commanding officer's behavior and is faced with a moral dilemma.	87 min	https://m.media-amazon.com/images/M/MV5BNTgxNmY2MDAtM2QzYS00MmNmLTk2NWYtNDA1NzRiOGM4MzQwXkEyXkFqcGdeQXVyMTkxNjUyNQ@@._V1_SX300.jpg	A24	R	Internet Movie Database:7.3/10,Rotten Tomatoes:100%,Metacritic:67/100	25 Oct 2019	A young American soldier in Afghanistan is disturbed by his commanding officer's behavior and is faced with a moral dilemma.	siEAt-e47wA	Dan Krauss	251.0	404.0	0.0	2811.0	www.youtube.com/watch/siEAt-e47wA	237433.0
A Hidden Life	2019	142.0	August Diehl, Valerie Pachner, Michael Nyqvist, Matthias Schoenaerts			Germany, USA	Terrence Malick		Biography, Drama, War	tt5827916	movie	429.0	English, German	The Austrian Blessed Franz Jägerstätter, a conscientious objector, refuses to fight for the Nazis in World War II.	173 min	https://m.media-amazon.com/images/M/MV5BMDk4OTU0ZjctMjhhYS00YmVlLThlMDAtMjU4YzhlN2IyYzI3XkEyXkFqcGdeQXVyMTkxNjUyNQ@@._V1_SX300.jpg	Fox Searchlight Pictures	PG-13	Internet Movie Database:7.3/10,Rotten Tomatoes:79%,Metacritic:76/100	13 Dec 2019	The Austrian Blessed Franz Jägerstätter, a conscientious objector, refuses to fight for the Nazis in World War II.	F8k3Xt280Ws	Terrence Malick	165.0	132.0	0.0	2364.0	www.youtube.com/watch/F8k3Xt280Ws	107939.0
Dolemite Is My Name	2019	185.0	Eddie Murphy, Kodi Smit-McPhee, Wesley Snipes, Keegan-Michael Key			USA	Craig Brewer	25 Oct 2019	Biography, Comedy, Drama	tt8526872	movie	297.0	English	Eddie Murphy portrays real-life legend Rudy Ray Moore, a comedy and rap pioneer who proved naysayers wrong when his hilarious, obscene, kung-fu fighting alter ego, Dolemite, became a 1970s Blaxploitation phenomenon.	118 min	https://m.media-amazon.com/images/M/MV5BMzFiYWQxYzgtOThmYi00ZmIwLWFlZWMtMzk2NTI2YTYzMjkyXkEyXkFqcGdeQXVyMTkxNjUyNQ@@._V1_SX300.jpg	Netflix	R	Internet Movie Database:6.5/10,Rotten Tomatoes:97%,Metacritic:74/100	04 Oct 2019	Eddie Murphy portrays real-life legend Rudy Ray Moore, a comedy and rap pioneer who proved naysayers wrong when his hilarious, obscene, kung-fu fighting alter ego, Dolemite, became a 1970s Blaxploitation phenomenon.	gLZk03rXpVc	Scott Alexander, Larry Karaszewski	636.0	282.0	0.0	6570.0	www.youtube.com/watch/gLZk03rXpVc	346761.0
The Addams Family	2019	164.0	Oscar Isaac, Charlize Theron, Chloë Grace Moretz, Finn Wolfhard			UK, Canada, USA	Greg Tiernan, Conrad Vernon		Animation, Comedy, Family, Fantasy, Horror	tt1620981	movie	1513.0	English	An animated version of Charles Addams' series of cartoons about a peculiar, ghoulish family.	87 min	https://m.media-amazon.com/images/M/MV5BODBjOTAzZmMtNGJkOC00M2M3LWI1MTctZjZlMzdiODBkMzc0XkEyXkFqcGdeQXVyMjM4NTM5NDY@._V1_SX300.jpg	United Artists Releasing	PG	Internet Movie Database:5.8/10,Rotten Tomatoes:41%,Metacritic:45/100	11 Oct 2019	An animated version of Charles Addams' series of cartoons about a peculiar, ghoulish family.	F7Ug863S8dQ	Matt Lieberman (screenplay by), Charles Addams (based on characters created by), Conrad Vernon (story by), Pamela Pettler (screenplay), Matt Lieberman (story), Erica Rivinoja (story by)	3503.0	3787.0	0.0	30926.0	www.youtube.com/watch/F7Ug863S8dQ	3283847.0
1917	2019	122.0	Andrew Scott, Teresa Mahoney, Richard Madden, Benedict Cumberbatch			UK, USA	Sam Mendes		Drama, War	tt8579674	movie		English	Two young British privates during the First World War are given an impossible mission: deliver a message deep in enemy territory that will stop 1,600 men, and one of the soldier's brothers, from walking straight into a deadly trap.	110 min	https://m.media-amazon.com/images/M/MV5BOTdmNTFjNDEtNzg0My00ZjkxLTg1ZDAtZTdkMDc2ZmFiNWQ1XkEyXkFqcGdeQXVyNTAzNzgwNTg@._V1_SX300.jpg	Universal Pictures			25 Dec 2019	Two young British privates during the First World War are given an impossible mission: deliver a message deep in enemy territory that will stop 1,600 men, and one of the soldier's brothers, from walking straight into a deadly trap.	MPKtM3fGJEU	Sam Mendes, Krysty Wilson-Cairns	550.0	146.0	0.0	6770.0	www.youtube.com/watch/MPKtM3fGJEU	602481.0
Queen	2019	151.0	Bakarhythm, Rika Izumi, Asami Mizukawa, Taishi Nakagawa			Japan				tt10263718	series		Japanese			https://m.media-amazon.com/images/M/MV5BNWIwZGEzODYtODliNC00ZWY1LWE4ZTMtMThlODlmNjhkMzM0XkEyXkFqcGdeQXVyNjc3MjQzNTI@._V1_SX300.jpg				10 Jan 2019	186134	CDnhh4NEi_U	501				0.0	www.youtube.com/watch/CDnhh4NEi_U	332.0
The Hunt	2019	153.0	Betty Gilpin, Emma Roberts, Justin Hartley, Ike Barinholtz			USA	Craig Zobel		Action, Horror, Thriller	tt8244784	movie		English	Plot details kept under wraps.		https://m.media-amazon.com/images/M/MV5BMGIwNTg5Y2MtYzExZS00MmU4LTgwY2MtMzI5ZTJkZmRmZmIyXkEyXkFqcGdeQXVyNjI4MDc1MzA@._V1_SX300.jpg				27 Sep 2019	Plot details kept under wraps.	x8IifEu67yU	Nick Cuse (Writer), Damon Lindelof	6096.0	7260.0	0.0	11919.0	www.youtube.com/watch/x8IifEu67yU	1573437.0
Scary Stories to Tell in the Dark	2019	108.0	Zoe Margaret Colletti, Michael Garza, Dean Norris, Gil Bellows			USA, Canada, China	André Øvredal		Horror, Mystery, Thriller	tt3387520	movie	18402.0	English	A group of teens face their fears in order to save their lives.	108 min	https://m.media-amazon.com/images/M/MV5BNjNiM2E3NDItNGU5NS00N2UwLTk2YWItZWRmMGFlNjJhYzE3XkEyXkFqcGdeQXVyOTQ5MTIwMjM@._V1_SX300.jpg	CBS Films and Lionsgate	PG-13	Internet Movie Database:6.4/10,Rotten Tomatoes:79%,Metacritic:61/100	09 Aug 2019	A group of teens face their fears in order to save their lives.	LLGdE7AjlBM	Dan Hageman (screenplay by), Kevin Hageman (screenplay by), Guillermo del Toro (screenplay), Marcus Dunstan (story by), Patrick Melton (story by), Alvin Schwartz (novel)	446.0	226.0	0.0	4667.0	www.youtube.com/watch/LLGdE7AjlBM	393122.0
Harriet	2019	160.0	Joe Alwyn, Jennifer Nettles, Cynthia Erivo, Janelle Monáe			USA	Kasi Lemmons		Biography, Drama, History	tt4648786	movie	219.0	English	The extraordinary tale of Harriet Tubman's escape from slavery and transformation into one of America's greatest heroes, whose courage, ingenuity, and tenacity freed hundreds of slaves and changed the course of history.	125 min	https://m.media-amazon.com/images/M/MV5BNmE1Y2JjMDEtZDAyOC00NjFiLWJlNjAtMjA3MDMzZGUxMDViXkEyXkFqcGdeQXVyMTA2MDQ3MTQ3._V1_SX300.jpg	Focus Features	PG-13	Internet Movie Database:5.7/10,Rotten Tomatoes:60%,Metacritic:63/100	01 Nov 2019	The extraordinary tale of Harriet Tubman's escape from slavery and transformation into one of America's greatest heroes, whose courage, ingenuity, and tenacity freed hundreds of slaves and changed the course of history.	osP9iJjvlAE	Gregory Allen Howard (screenplay by), Kasi Lemmons (screenplay by), Gregory Allen Howard (story by)	934.0	552.0	0.0	6034.0	www.youtube.com/watch/osP9iJjvlAE	228458.0
A Beautiful Day in the Neighborhood	2019	141.0	Tom Hanks, Christine Lahti, Matthew Rhys, Susan Kelechi Watson			USA, China	Marielle Heller		Biography, Drama	tt3224458	movie	306.0	English	Based on the true story of a real-life friendship between Fred Rogers and journalist Tom Junod.	108 min	https://m.media-amazon.com/images/M/MV5BZDM3MTAzYTUtYmFiYi00Yzg0LTk4NGMtYzNkYTkxOWI1YjZhXkEyXkFqcGdeQXVyMTkxNjUyNQ@@._V1_SX300.jpg	Sony Pictures		Internet Movie Database:7.0/10,Metacritic:82/100	22 Nov 2019	Based on the true story of a real-life friendship between Fred Rogers and journalist Tom Junod.	XQw658a-8UQ	Micah Fitzerman-Blue, Noah Harpster	837.0	219.0	0.0	7564.0	www.youtube.com/watch/XQw658a-8UQ	309752.0
Cats	2019	153.0	Idris Elba, Taylor Swift, Rebel Wilson, Judi Dench			UK, USA	Tom Hooper		Animation, Comedy, Drama, Family, Fantasy, Musical	tt5697572	movie		English	A tribe of cats called the Jellicles must decide yearly which one will ascend to the Heaviside Layer and come back to a new Jellicle life.		https://m.media-amazon.com/images/M/MV5BNjRlNTY3MTAtOTViMS00ZjE5LTkwZGItMGYwNGQwMjg2NTEwXkEyXkFqcGdeQXVyNjg2NjQwMDQ@._V1_SX300.jpg				20 Dec 2019	A tribe of cats called the Jellicles must decide yearly which one will ascend to the Heaviside Layer and come back to a new Jellicle life.	gq50F-IDXDc	"T.S. Eliot (poetry collection ""Old Possum's Books of Practical Cats""), Lee Hall (screenplay), Tom Hooper (screenplay), Andrew Lloyd Webber (musical)"	42378.0	132440.0	0.0	46793.0	www.youtube.com/watch/gq50F-IDXDc	5622958.0
Jay and Silent Bob Reboot	2019	159.0	Melissa Benoist, Matt Damon, Chris Hemsworth, Ben Affleck			USA	Kevin Smith		Comedy	tt6521876	movie	265.0	English	Jay and Silent Bob return to Hollywood to stop a reboot of 'Bluntman and Chronic' movie from getting made.	95 min	https://m.media-amazon.com/images/M/MV5BODRiYjcyNzAtNTAwOS00MGRjLWE3ZWItYWVhZWYzMzgxZjFjXkEyXkFqcGdeQXVyNjU1NzU3MzE@._V1_SX300.jpg		R	Internet Movie Database:8.0/10	15 Oct 2019	Jay and Silent Bob return to Hollywood to stop a reboot of 'Bluntman and Chronic' movie from getting made.	rq3_FmNUHx0	Kevin Smith	586.0	568.0	0.0	7185.0	www.youtube.com/watch/rq3_FmNUHx0	310435.0
The Red Sea Diving Resort	2019	151.0	Mbulelo Grootboom, Sizo Mahlangu, Michael Kenneth Williams, Masasa Mbangeni			Canada	Gideon Raff	31 Jul 2019	Drama, History, Thriller	tt4995776	movie	15232.0	English	Israel's Mossad agents attempt to rescue Ethiopian Jewish refugees in Sudan in 1979.	129 min	https://m.media-amazon.com/images/M/MV5BMjZiYWI3MWMtM2NiZi00Y2E0LWI1ODctNmNhMDUyNGMzODkwXkEyXkFqcGdeQXVyNjg2NjQwMDQ@._V1_SX300.jpg	Netflix	TV-MA	Internet Movie Database:6.5/10,Rotten Tomatoes:30%	31 Jul 2019	Israel's Mossad agents attempt to rescue Ethiopian Jewish refugees in Sudan in 1979.	At1utWKO_eI	Gideon Raff	455.0	356.0	0.0	4809.0	www.youtube.com/watch/At1utWKO_eI	333785.0
Don't Let Go	2019	142.0	Alfred Molina, David Oyelowo, Storm Reid, Byron Mann			USA	Jacob Estes		Drama, Fantasy, Horror, Mystery, Thriller	tt6803212	movie	850.0	English	After a man's family dies in what appears to be a murder, he gets a phone call from one of the dead, his niece. He's not sure if she's a ghost or if he's going mad, but as it turns out, he's not.	103 min	https://m.media-amazon.com/images/M/MV5BZjI5N2FkMDQtYjk4Ni00N2U5LTlkZGQtMzY5ZTcwNTdjZWUyXkEyXkFqcGdeQXVyNjg3MDMxNzU@._V1_SX300.jpg	OTL Releasing	R	Internet Movie Database:5.9/10,Rotten Tomatoes:38%,Metacritic:49/100	30 Aug 2019	After a man's family dies in what appears to be a murder, he gets a phone call from one of the dead, his niece. He's not sure if she's a ghost or if he's going mad, but as it turns out, he's not.	TUrSZLuGfEA	Jacob Estes (screenplay by), Jacob Estes (story by), Drew Daywalt (story by)	1313.0	254.0	0.0	11412.0	www.youtube.com/watch/TUrSZLuGfEA	723256.0
Hustlers	2019	141.0	Constance Wu, Jennifer Lopez, Julia Stiles, Mette Towley			USA	Lorene Scafaria		Comedy, Crime, Drama, Thriller	tt5503686	movie	12312.0	English, Spanish, Russian	Inspired by the viral New York Magazine article, Hustlers follows a crew of savvy former strip club employees who band together to turn the tables on their Wall Street clients.	110 min	https://m.media-amazon.com/images/M/MV5BNjM5ZTNiNGMtMDA2OC00MDYyLWEyNzAtOWZmMzFlY2VmOWM4XkEyXkFqcGdeQXVyMTkxNjUyNQ@@._V1_SX300.jpg	STXfilms	R	Internet Movie Database:6.7/10,Rotten Tomatoes:88%,Metacritic:79/100	13 Sep 2019	Inspired by the viral New York Magazine article, Hustlers follows a crew of savvy former strip club employees who band together to turn the tables on their Wall Street clients.	LUG2U-IxPx0	Jessica Pressler (magazine article), Lorene Scafaria (screenplay)	4488.0	6352.0	0.0	72014.0	www.youtube.com/watch/LUG2U-IxPx0	6819957.0
The Kitchen	2019	102.0	Melissa McCarthy, Tiffany Haddish, Elisabeth Moss, Domhnall Gleeson			USA	Andrea Berloff		Action, Crime, Drama	tt5822564	movie	3320.0	English	The wives of New York gangsters in Hell's Kitchen in the 1970s continue to operate their husbands' rackets after they're locked up in prison.	102 min	https://m.media-amazon.com/images/M/MV5BZGEwMWJlNzMtMjQ4YS00YjI4LTkwZTYtMGFiZTY5YmE2ZTIwXkEyXkFqcGdeQXVyMTkxNjUyNQ@@._V1_SX300.jpg	New Line Cinema	R	Internet Movie Database:5.2/10,Rotten Tomatoes:22%,Metacritic:35/100	09 Aug 2019	The wives of New York gangsters in Hell's Kitchen in the 1970s continue to operate their husbands' rackets after they're locked up in prison.	y-1KllfX3Kg	Ollie Masters (comic book series), Ming Doyle (comic book series), Andrea Berloff	231.0	414.0	0.0	1583.0	www.youtube.com/watch/y-1KllfX3Kg	179942.0
Maleficent: Mistress of Evil	2019	148.0	Angelina Jolie, Elle Fanning, Imelda Staunton, Michelle Pfeiffer			USA	Joachim Rønning		Adventure, Family, Fantasy	tt4777008	movie		English	Maleficent and her goddaughter Aurora begin to question the complex family ties that bind them as they are pulled in different directions by impending nuptials, unexpected allies, and dark new forces at play.	118 min	https://m.media-amazon.com/images/M/MV5BZjJiYTExOTAtNWU0Yi00NzJjLTkwOTgtOTU2NWM1ZjJmYWVhXkEyXkFqcGdeQXVyMTkxNjUyNQ@@._V1_SX300.jpg	Walt Disney Pictures	PG	Rotten Tomatoes:51%	18 Oct 2019	Maleficent and her goddaughter Aurora begin to question the complex family ties that bind them as they are pulled in different directions by impending nuptials, unexpected allies, and dark new forces at play.	dNt31iISeEo	Micah Fitzerman-Blue (screenplay by), Noah Harpster (screenplay by), Linda Woolverton (screenplay by), Linda Woolverton (story by)	573.0	317.0	0.0	6793.0	www.youtube.com/watch/dNt31iISeEo	476358.0
Jumanji: The Next Level	2019	171.0	Dwayne Johnson, Karen Gillan, Madison Iseman, Jack Black			USA	Jake Kasdan		Action, Adventure, Comedy, Fantasy	tt7975244	movie		English	A team of friends return to Jumanji to rescue one of their own but discover that nothing is as they expect. The players need to brave parts unknown, from arid deserts to snowy mountains, in order to escape the world's most dangerous game.		https://m.media-amazon.com/images/M/MV5BNTA3YWRjODItZWIxYy00ZGE3LTg0Y2QtNWFlNDlmOTg2MGEyXkEyXkFqcGdeQXVyMTkxNjUyNQ@@._V1_SX300.jpg	Sony Pictures			13 Dec 2019	A team of friends return to Jumanji to rescue one of their own but discover that nothing is as they expect. The players need to brave parts unknown, from arid deserts to snowy mountains, in order to escape the world's most dangerous game.	4gU-x9HIPys	"Jake Kasdan, Jeff Pinkner, Scott Rosenberg, Chris Van Allsburg (based on the book ""Jumanji"" by)"	772.0	570.0	0.0	13706.0	www.youtube.com/watch/4gU-x9HIPys	1042910.0
Charlie's Angels	2019	168.0	Naomi Scott, Sam Claflin, Kristen Stewart, Elizabeth Banks			USA	Elizabeth Banks		Action, Adventure, Comedy	tt5033998	movie		English	When Soh Bae turns up applying to be Charlie's 4th Angel, she is thrown into the deep end immediately, as the other angels are kidnapped by the mysterious Ronny Petankan. With only her nerdy sidekick Nathan Woodhall to help, it is up to Soh to save the angels and save the world before breakfast!		https://m.media-amazon.com/images/M/MV5BZDAzOTYxY2YtNzBmNi00YmE5LTk0NTktN2YwNTNiNGZjNWIzXkEyXkFqcGdeQXVyMTkxNjUyNQ@@._V1_SX300.jpg	Sony Pictures	PG-13		15 Nov 2019	When a young systems engineer blows the whistle on a dangerous technology, Charlie's Angels are called into action, putting their lives on the line to protect us all.	gpXSJSIAnoA	Elizabeth Banks (screenplay), Evan Spiliotopoulos (story by), David Auburn (story by), Carlo Bernard, Semi Chellas, Ivan Goff (characters), Craig Mazin, Ben Roberts (characters), Doug Miro, Jay Basu (screenplay)	4502.0	9173.0	0.0	29482.0	www.youtube.com/watch/gpXSJSIAnoA	1926224.0
The Good Liar	2019	144.0	Helen Mirren, Jim Carter, Ian McKellen, Russell Tovey			USA	Bill Condon		Drama	tt5563334	movie		English	Career con artist Roy Courtnay can hardly believe his luck when he meets well-to-do widow Betty McLeish online. As Betty opens her home and life to him, Roy is surprised to find himself ...	109 min	https://m.media-amazon.com/images/M/MV5BN2VhNTY5ZTUtYzc1NC00NjUyLWI1NDQtYWE3YmJlNjQ3OGVlXkEyXkFqcGdeQXVyMTkxNjUyNQ@@._V1_SX300.jpg	New Line Cinema	R		15 Nov 2019	Career con artist Roy Courtnay can hardly believe his luck when he meets well-to-do widow Betty McLeish online. As Betty opens her home and life to him, Roy is surprised to find himself ...	hhSpF4v_SBY	Jeffrey Hatcher, Nicholas Searle (novel)	93.0	51.0	0.0	1743.0	www.youtube.com/watch/hhSpF4v_SBY	93973.0
Point Blank	2019	147.0	Frank Grillo, Stuart F. Wilson, Buster Reeves, Christian Cooke			France, USA	Joe Lynch	12 Jul 2019	Action, Crime, Thriller	tt2499472	movie	8533.0	English	An ER nurse and a career criminal are forced into an unlikely partnership in taking down a ring of corrupt cops threatening the lives of both their families.	86 min	https://m.media-amazon.com/images/M/MV5BYThkZjRmNWYtMWQ5Mi00Y2E4LWEyZjgtYWYxMDhiNTJmNTQzXkEyXkFqcGdeQXVyNDg4NjY5OTQ@._V1_SX300.jpg	Netflix	TV-MA	Internet Movie Database:5.6/10,Rotten Tomatoes:41%,Metacritic:37/100	12 Jul 2019	An ER nurse and a career criminal are forced into an unlikely partnership in taking down a ring of corrupt cops threatening the lives of both their families.	9HyCWddH0WA	Fred Cavayé (characters), Adam G. Simon (screenplay)	107.0	59.0	0.0	1457.0	www.youtube.com/watch/9HyCWddH0WA	189721.0
Killerman	2019	150.0	Liam Hemsworth, Emory Cohen, Diane Guerrero, Zlatko Buric			USA	Malik Bader		Action, Crime, Drama, Mystery, Thriller	tt7420342	movie	320.0	English	Moe Diamond is a New York City money launderer who wakes up with no memory and millions of dollars in stolen cash and drugs. He must soon scour the streets in search of answers while trying...	112 min	https://m.media-amazon.com/images/M/MV5BMGEzZTAwZjYtYjRmYS00MGZkLWI4NzEtYzJmNDlhYTg5MTdkXkEyXkFqcGdeQXVyNzc0MTgzMzU@._V1_SX300.jpg	Blue Fox Entertainment	R	Internet Movie Database:5.2/10,Rotten Tomatoes:19%,Metacritic:42/100	30 Aug 2019	Moe Diamond is a New York City money launderer who wakes up with no memory and millions of dollars in stolen cash and drugs. He must soon scour the streets in search of answers while trying...	i5niXDUtGEM	Malik Bader	228.0	464.0	0.0	2590.0	www.youtube.com/watch/i5niXDUtGEM	401638.0
The Angry Birds Movie 2	2019	167.0	Jason Sudeikis, Josh Gad, Leslie Jones, Bill Hader			Finland, USA	Thurop Van Orman, John Rice(co-director)		Animation, Adventure, Comedy, Family	tt6095472	movie	4566.0	English	The flightless birds and scheming green pigs take their feud to the next level.	97 min	https://m.media-amazon.com/images/M/MV5BYzdkNGJhNzQtMjY1OC00MDI3LTk0ZDUtNzU0MGZiY2YwZGUxXkEyXkFqcGdeQXVyNzMxNjQxMTk@._V1_SX300.jpg	Columbia Pictures	PG	Internet Movie Database:6.5/10,Rotten Tomatoes:73%,Metacritic:60/100	14 Aug 2019	The flightless birds and scheming green pigs take their feud to the next level.	nQJlFpMprl4	Peter Ackerman (screenplay by), Eyal Podell (screenplay by), Jonathon E. Stewart (screenplay by)	423.0	290.0	0.0	5578.0	www.youtube.com/watch/nQJlFpMprl4	499264.0
Ready or Not	2019	155.0	Samara Weaving, Adam Brody, Mark O'Brien, Henry Czerny			Canada, USA	Matt Bettinelli-Olpin, Tyler Gillett		Comedy, Horror, Mystery, Thriller	tt7798634	movie	18012.0	English	A bride's wedding night takes a sinister turn when her eccentric new in-laws force her to take part in a terrifying game.	95 min	https://m.media-amazon.com/images/M/MV5BYzBkMzAyMDUtZTFkZS00OWUyLTgwM2ItNGI3MTQ5NzA3NTVkXkEyXkFqcGdeQXVyMTkxNjUyNQ@@._V1_SX300.jpg	Fox Searchlight Pictures	R	Internet Movie Database:7.1/10,Rotten Tomatoes:88%,Metacritic:64/100	21 Aug 2019	A bride's wedding night takes a sinister turn when her eccentric new in-laws force her to take part in a terrifying game.	ZUCe7raZHAc	Guy Busick, Ryan Murphy	777.0	389.0	0.0	9422.0	www.youtube.com/watch/ZUCe7raZHAc	455953.0
Late Night	2019	71.0	Emma Thompson, Mindy Kaling, John Lithgow, Hugh Dancy			USA	Nisha Ganatra	06 Sep 2019	Comedy, Drama	tt6107548	movie	10077.0	English	A late night talk show host suspects that she may soon lose her long-running show.	102 min	https://m.media-amazon.com/images/M/MV5BNjZmOTEwMGEtOWVmMy00Njg4LWI1OGEtMGYwN2VmYzJiYzAzXkEyXkFqcGdeQXVyODE1MjMyNzI@._V1_SX300.jpg	Amazon Studios	R	Internet Movie Database:6.6/10,Rotten Tomatoes:79%,Metacritic:70/100	14 Jun 2019	A late night talk show host suspects that she may soon lose her long-running show.	a6Zt0mBJThc	Mindy Kaling (screenplay by)	24.0	92.0	0.0	207.0	www.youtube.com/watch/a6Zt0mBJThc	76845.0
Angel Has Fallen	2019	153.0	Gerard Butler, Frederick Schmidt, Danny Huston, Rocci Williams			USA	Ric Roman Waugh		Action, Thriller	tt6189022	movie	17303.0	English	It's been two years since the massive terrorist attack in London had taken place, and, just as Mike Banning had thought they were out of the woods, he was proven wrong. On a flight with the president aboard Air Force One, terrorists see it as a new plan of attack, and take the opportunity. Now Mike has to protect the president once again, with higher stakes than ever before.	121 min	https://m.media-amazon.com/images/M/MV5BYmRmMWZhZGItYzA4MC00ZDYyLWE0OTMtYmM0MWRiN2Q4NGU2XkEyXkFqcGdeQXVyMjMxOTE0ODA@._V1_SX300.jpg	Lionsgate	R	Internet Movie Database:6.7/10,Rotten Tomatoes:39%,Metacritic:45/100	23 Aug 2019	Secret Service Agent Mike Banning is framed for the attempted assassination of the President and must evade his own agency and the FBI as he tries to uncover the real threat.	TZJim02z1aA	Robert Mark Kamen (screenplay by), Matt Cook (screenplay by), Ric Roman Waugh (screenplay by), Creighton Rothenberger (story by), Katrin Benedikt (story by), Creighton Rothenberger (based on characters created by), Katrin Benedikt (based on characters created by)	979.0	627.0	0.0	18025.0	www.youtube.com/watch/TZJim02z1aA	1998595.0
Stuber	2019	123.0	Dave Bautista, Kumail Nanjiani, Mira Sorvino, Natalie Morales			USA	Michael Dowse	01 Oct 2019	Action, Comedy, Crime, Thriller	tt7734218	movie	9714.0	English	A detective recruits his Uber driver into an unexpected night of adventure.	93 min	https://m.media-amazon.com/images/M/MV5BOGE1ZjFhYzAtYWM4ZC00NGI1LWFmYzMtZWRhZDhjMjE4YzBjXkEyXkFqcGdeQXVyODQzNTE3ODc@._V1_SX300.jpg	20th Century Fox	R	Internet Movie Database:6.2/10,Rotten Tomatoes:42%,Metacritic:42/100	12 Jul 2019	A detective recruits his Uber driver into an unexpected night of adventure.	_IfPRsQBhuE	Tripper Clancy	27.0	28.0	0.0	515.0	www.youtube.com/watch/_IfPRsQBhuE	42788.0
The Art of Self-Defense	2019	159.0	Jesse Eisenberg, Alessandro Nivola, Imogen Poots, Steve Terada			USA	Riley Stearns	08 Oct 2019	Comedy, Crime, Drama, Mystery, Sport, Thriller	tt7339248	movie	3278.0	English, French, German	After being attacked on the street, a young man enlists at a local dojo, led by a charismatic and mysterious sensei, in an effort to learn how to defend himself from future threats.	104 min	https://m.media-amazon.com/images/M/MV5BZDlkOGE4YTUtYWRlZS00YjFkLWE3NmUtNzNlNjdiZTk2NzdhXkEyXkFqcGdeQXVyNDY2MjcyOTQ@._V1_SX300.jpg	Bleecker Street	R	Internet Movie Database:7.2/10,Rotten Tomatoes:83%,Metacritic:65/100	01 Nov 2019	After being attacked on the street, a young man enlists at a local dojo, led by a charismatic and mysterious sensei, in an effort to learn how to defend himself from future threats.	IEzYcwKALBI	Riley Stearns	74.0	58.0	0.0	1456.0	www.youtube.com/watch/IEzYcwKALBI	165168.0
Good Boys	2019	154.0	Jacob Tremblay, Keith L. Williams, Brady Noon, Molly Gordon			USA	Gene Stupnitsky		Adventure, Comedy	tt7343762	movie	15129.0	English	Three 6th grade boys ditch school and embark on an epic journey while carrying accidentally stolen drugs, being hunted by teenage girls, and trying to make their way home in time for a long-awaited party.	90 min	https://m.media-amazon.com/images/M/MV5BMTc1NjIzODAxMF5BMl5BanBnXkFtZTgwMTgzNzk1NzM@._V1_SX300.jpg	Universal Pictures	R	Internet Movie Database:6.9/10,Rotten Tomatoes:79%,Metacritic:60/100	16 Aug 2019	Three 6th grade boys ditch school and embark on an epic journey while carrying accidentally stolen drugs, being hunted by teenage girls, and trying to make their way home in time for a long-awaited party.	XT6g_7HZdU8	Lee Eisenberg, Gene Stupnitsky	822.0	745.0	0.0	14466.0	www.youtube.com/watch/XT6g_7HZdU8	1105174.0
After the Wedding	2019	141.0	Michelle Williams, Julianne Moore, Billy Crudup, Will Chase			USA	Bart Freundlich		Drama	tt7985692	movie	891.0	English	A manager of an orphanage in Kolkata travels to New York to meet a benefactor.	112 min	https://m.media-amazon.com/images/M/MV5BNTI2NGVlMzAtMGQyYS00N2Q3LWE0ZDUtNzBmNGE1ZWE3NzQzXkEyXkFqcGdeQXVyOTgxNDIzMTY@._V1_SX300.jpg	Sony Pictures Classics	PG-13	Internet Movie Database:5.9/10,Rotten Tomatoes:44%,Metacritic:51/100	14 Aug 2019	A manager of an orphanage in Kolkata travels to New York to meet a benefactor.	RJ4QxPjU2Lk	Bart Freundlich (screenplay), Susanne Bier (original screenplay), Anders Thomas Jensen (original screenplay)	72.0	69.0	0.0	936.0	www.youtube.com/watch/RJ4QxPjU2Lk	235239.0
Shaft	2019	114.0	Samuel L. Jackson, Jessie T. Usher, Richard Roundtree, Regina Hall			USA	Tim Story	10 Sep 2019	Action, Comedy, Crime	tt4463894	movie	29086.0	English	JJ Shaft, a cyber security expert with a degree from MIT, enlists his family's help to uncover the truth behind his best friend's untimely death.	111 min	https://m.media-amazon.com/images/M/MV5BNmExNGZmYzItZTMzMi00YWJjLWJkYmQtMDg5MjgzYjYyZDk1XkEyXkFqcGdeQXVyNjg3MDMxNzU@._V1_SX300.jpg	New Line Cinema	R	Internet Movie Database:6.4/10,Rotten Tomatoes:32%,Metacritic:40/100	14 Jun 2019	JJ Shaft, a cyber security expert with a degree from MIT, enlists his family's help to uncover the truth behind his best friend's untimely death.	-q57kqlChD8	Kenya Barris, Alex Barnow, Ernest Tidyman (based upon the character John Shaft from the novel by)	225.0	157.0	0.0	4337.0	www.youtube.com/watch/-q57kqlChD8	188505.0
Luce	2019	161.0	Naomi Watts, Octavia Spencer, Tim Roth, Kelvin Harrison Jr.			USA	Julius Onah	29 Oct 2019	Drama	tt7616148	movie	1428.0	English	A married couple is forced to reckon with their idealized image of their son, adopted from war-torn Eritrea, after an alarming discovery by a devoted high school teacher threatens his status as an all-star student.	109 min	https://m.media-amazon.com/images/M/MV5BNjkwMDMwOTQtM2MwMS00NjVmLThlODgtZmYyZjBhMjgzYTM3XkEyXkFqcGdeQXVyODAzODU1NDQ@._V1_SX300.jpg	NEON	R	Internet Movie Database:7.0/10,Rotten Tomatoes:92%,Metacritic:73/100	05 Sep 2019	A married couple is forced to reckon with their idealized image of their son, adopted from war-torn Eritrea, after an alarming discovery by a devoted high school teacher threatens his status as an all-star student.	2_Zer9iT4FY	J.C. Lee (play), J.C. Lee (screenplay), Julius Onah (screenplay)	544.0	161.0	0.0	4565.0	www.youtube.com/watch/2_Zer9iT4FY	386671.0
Ford v Ferrari	2019	154.0	Christian Bale, Matt Damon, Caitriona Balfe, Jon Bernthal			USA, France	James Mangold		Action, Biography, Drama, Sport	tt1950186	movie	963.0	English	American car designer Carroll Shelby and driver Ken Miles battle corporate interference, the laws of physics and their own personal demons to build a revolutionary race car for Ford and challenge Ferrari at the 24 Hours of Le Mans in 1966.	152 min	https://m.media-amazon.com/images/M/MV5BYzcyZDNlNDktOWRhYy00ODQ5LTg1ODQtZmFmZTIyMjg2Yjk5XkEyXkFqcGdeQXVyMTkxNjUyNQ@@._V1_SX300.jpg	20th Century Fox	PG-13	Internet Movie Database:7.4/10,Metacritic:70/100	15 Nov 2019	American car designer Carroll Shelby and driver Ken Miles battle corporate interference, the laws of physics and their own personal demons to build a revolutionary race car for Ford and challenge Ferrari at the 24 Hours of Le Mans in 1966.	Vo96qDiGUiI	Jez Butterworth, John-Henry Butterworth, Jason Keller	691.0	110.0	0.0	8261.0	www.youtube.com/watch/Vo96qDiGUiI	504823.0
The Goldfinch	2019	151.0	Oakes Fegley, Ansel Elgort, Nicole Kidman, Jeffrey Wright			USA	John Crowley		Drama	tt3864056	movie	3252.0	English, Ukrainian, German, French	A boy in New York is taken in by a wealthy Upper East Side family after his mother is killed in a bombing at the Metropolitan Museum of Art.	149 min	https://m.media-amazon.com/images/M/MV5BY2ZmNmUzNTctYTA3Mi00ZTg3LWFmMWMtYzU2ZjA3NDRmODIzXkEyXkFqcGdeQXVyMTkxNjUyNQ@@._V1_SX300.jpg	Warner Bros. Pictures	R	Internet Movie Database:6.3/10,Rotten Tomatoes:25%,Metacritic:40/100	13 Sep 2019	A boy in New York is taken in by a wealthy Upper East Side family after his mother is killed in a bombing at the Metropolitan Museum of Art.	F3El4yQD2cw	Peter Straughan (screenplay by), Donna Tartt (based on the novel by)	263.0	178.0	0.0	4167.0	www.youtube.com/watch/F3El4yQD2cw	189607.0
Abominable	2019	155.0	Chloe Bennet, Albert Tsai, Tenzing Norgay Trainor, Joseph Izzo			China, USA	Jill Culton, Todd Wilderman(co-director)		Animation, Adventure, Comedy, Family, Fantasy	tt6324278	movie	2078.0	English	A magical Yeti must return to his family.	97 min	https://m.media-amazon.com/images/M/MV5BZjg0MWExYjQtNGQ5OS00M2ZkLTg0NjItZjllOWI1YTRjZmE5XkEyXkFqcGdeQXVyNjg2NjQwMDQ@._V1_SX300.jpg	Universal Pictures	PG	Internet Movie Database:7.3/10,Rotten Tomatoes:81%,Metacritic:62/100	27 Sep 2019	A magical Yeti must return to his family.	XrgVtuDRBjM	Jill Culton	2510.0	1826.0	0.0	36753.0	www.youtube.com/watch/XrgVtuDRBjM	2713854.0
The Art of Racing in the Rain	2019	144.0	Milo Ventimiglia, Kevin Costner, Amanda Seyfried, Kathy Baker			USA	Simon Curtis		Comedy, Drama, Romance, Sport	tt1478839	movie	3506.0	English, Italian	Through his bond with his owner, aspiring Formula One race car driver Denny, golden retriever Enzo learns that the techniques needed on the racetrack can also be used to successfully navigate the journey of life.	109 min	https://m.media-amazon.com/images/M/MV5BZjU5ZTYzM2MtNDNhYi00YjU1LWE4MzEtODc0NmNlODZlMjlhXkEyXkFqcGdeQXVyNjg3MDMxNzU@._V1_SX300.jpg	20th Century Fox	PG	Internet Movie Database:7.4/10,Rotten Tomatoes:43%,Metacritic:43/100	09 Aug 2019	Through his bond with his owner, aspiring Formula One race car driver Denny, golden retriever Enzo learns that the techniques needed on the racetrack can also be used to successfully navigate the journey of life.	bAPYTFLy5KA	Mark Bomback (screenplay by), Garth Stein (novel)	246.0	197.0	0.0	2614.0	www.youtube.com/watch/bAPYTFLy5KA	136700.0
Downton Abbey	2019	155.0	Matthew Goode, Tuppence Middleton, Maggie Smith, Michelle Dockery			UK	Michael Engler		Drama, Romance	tt6398184	movie	14748.0	English	The continuing story of the Crawley family, wealthy owners of a large estate in the English countryside in the early 20th century.	122 min	https://m.media-amazon.com/images/M/MV5BMmQxNGRkMjYtZTAyMy00MDUyLThiNmYtODI1NTkyNmI0ZTNlXkEyXkFqcGdeQXVyMjM4NTM5NDY@._V1_SX300.jpg	Focus Features	PG	Internet Movie Database:7.7/10,Rotten Tomatoes:85%,Metacritic:64/100	20 Sep 2019	The continuing story of the Crawley family, wealthy owners of a large estate in the English countryside in the early 20th century.	VgnXY-KV9W8	Julian Fellowes (characters), Julian Fellowes (screenplay by)	743.0	291.0	0.0	8557.0	www.youtube.com/watch/VgnXY-KV9W8	604857.0
Brightburn	2019	90.0	Elizabeth Banks, David Denman, Jackson A. Dunn, Abraham Clinkscales			USA	David Yarovesky	06 Aug 2019	Horror, Sci-Fi	tt7752126	movie	45957.0	English	What if a child from another world crash-landed on Earth, but instead of becoming a hero to mankind, he proved to be something far more sinister?	90 min	https://m.media-amazon.com/images/M/MV5BMjc0YzM2ZjItNzE3OS00NTRhLTkyNTUtMjY5Y2Y5NTU3OWI0XkEyXkFqcGdeQXVyNjU2NTI4MjE@._V1_SX300.jpg	Screen Gems	R	Internet Movie Database:6.2/10,Rotten Tomatoes:57%,Metacritic:44/100	24 May 2019	What if a child from another world crash-landed on Earth, but instead of becoming a hero to mankind, he proved to be something far more sinister?	l8epkuuW53M	Brian Gunn, Mark Gunn	1178.0	428.0	0.0	7975.0	www.youtube.com/watch/l8epkuuW53M	860148.0
Booksmart	2019	71.0	Kaitlyn Dever, Beanie Feldstein, Jessica Williams, Jason Sudeikis			USA	Olivia Wilde	20 Aug 2019	Comedy	tt1489887	movie	39416.0	English, Mandarin, Spanish	On the eve of their high school graduation, two academic superstars and best friends realize they should have worked less and played more. Determined not to fall short of their peers, the girls try to cram four years of fun into one night.	102 min	https://m.media-amazon.com/images/M/MV5BMjEzMjcxNjA2Nl5BMl5BanBnXkFtZTgwMjAxMDM2NzM@._V1_SX300.jpg	United Artists	R	Internet Movie Database:7.3/10,Rotten Tomatoes:97%,Metacritic:84/100	24 May 2019	On the eve of their high school graduation, two academic superstars and best friends realize they should have worked less and played more. Determined not to fall short of their peers, the girls try to cram four years of fun into one night.	UhZzJTvWJUc	Emily Halpern, Sarah Haskins, Susanna Fogel, Katie Silberman	37.0	135.0	0.0	298.0	www.youtube.com/watch/UhZzJTvWJUc	67228.0
Always Be My Maybe	2019	174.0	Ali Wong, Randall Park, James Saito, Michelle Buteau			USA	Nahnatchka Khan	31 May 2019	Comedy, Romance	tt7374948	movie	34285.0	English	Everyone assumed Sasha and Marcus would wind up together except for Sasha and Marcus. Reconnecting after 15 years, the two start to wonder - maybe?	101 min	https://m.media-amazon.com/images/M/MV5BMGM2NWFjYTctZjFiYy00YzIxLThhY2QtY2UxZTNmNjdjZTU0XkEyXkFqcGdeQXVyMTkxNjUyNQ@@._V1_SX300.jpg	Netflix	PG-13	Internet Movie Database:6.8/10,Rotten Tomatoes:90%,Metacritic:64/100	31 May 2019	Everyone assumed Sasha and Marcus would wind up together except for Sasha and Marcus. Reconnecting after 15 years, the two start to wonder - maybe?	Qr2DxgOnKoA	Michael Golamco, Randall Park, Ali Wong	491.0	612.0	0.0	4562.0	www.youtube.com/watch/Qr2DxgOnKoA	395948.0
The Secret Life of Pets 2	2019	156.0	Patton Oswalt, Kevin Hart, Harrison Ford, Eric Stonestreet			USA, France, Japan	Chris Renaud, Jonathan del Val(co-director)	13 Aug 2019	Animation, Adventure, Comedy, Family	tt5113040	movie	28497.0	English	Continuing the story of Max and his pet friends, following their secret lives after their owners leave them for work or school each day.	86 min	https://m.media-amazon.com/images/M/MV5BMzdlMWQzZmItMDA5Ny00MGFjLTk0MDAtYjgzMmMyNTEwMzdhXkEyXkFqcGdeQXVyODQzNTE3ODc@._V1_SX300.jpg	Universal Pictures	PG	Internet Movie Database:6.5/10,Rotten Tomatoes:59%,Metacritic:55/100	07 Jun 2019	Continuing the story of Max and his pet friends, following their secret lives after their owners leave them for work or school each day.	2L3Gvo40DzQ	Brian Lynch	228.0	270.0	0.0	3501.0	www.youtube.com/watch/2L3Gvo40DzQ	537230.0
The Dead Don't Die	2019	73.0	Bill Murray, Adam Driver, Tom Waits, Chloë Sevigny			Sweden, USA	Jim Jarmusch	03 Sep 2019	Comedy, Fantasy, Horror	tt8695030	movie	24274.0	English	The peaceful town of Centerville finds itself battling a zombie horde as the dead start rising from their graves.	104 min	https://m.media-amazon.com/images/M/MV5BZWQxZDIzNzUtZGE3MS00MGU3LTk5NjMtZGFjMDljNDlmMWE1XkEyXkFqcGdeQXVyNzc5MjA3OA@@._V1_SX300.jpg	Focus Features	R	Internet Movie Database:5.5/10,Rotten Tomatoes:56%,Metacritic:54/100	14 Jun 2019	The peaceful town of Centerville finds itself battling a zombie horde as the dead start rising from their graves.	qttlm7Eobas	Jim Jarmusch	200.0	156.0	0.0	4392.0	www.youtube.com/watch/qttlm7Eobas	235618.0
Midsommar	2019	155.0	Florence Pugh, Jack Reynor, Vilhelm Blomgren, William Jackson Harper			USA, Sweden, Hungary	Ari Aster	24 Sep 2019	Drama, Horror, Mystery, Thriller	tt8772262	movie	50296.0	English, Swedish	A couple travels to Sweden to visit a rural hometown's fabled mid-summer festival. What begins as an idyllic retreat quickly devolves into an increasingly violent and bizarre competition at the hands of a pagan cult.	147 min	https://m.media-amazon.com/images/M/MV5BMzQxNzQzOTQwM15BMl5BanBnXkFtZTgwMDQ2NTcwODM@._V1_SX300.jpg	A24	R	Internet Movie Database:7.4/10,Rotten Tomatoes:83%,Metacritic:72/100	03 Jul 2019	A couple travels to Sweden to visit a rural hometown's fabled mid-summer festival. What begins as an idyllic retreat quickly devolves into an increasingly violent and bizarre competition at the hands of a pagan cult.	prH-hf9s9_w	Ari Aster	597.0	432.0	0.0	4703.0	www.youtube.com/watch/prH-hf9s9_w	370827.0
Dark Phoenix	2019	112.0	James McAvoy, Michael Fassbender, Jennifer Lawrence, Nicholas Hoult			USA, Canada	Simon Kinberg	03 Sep 2019	Action, Adventure, Sci-Fi	tt6565702	movie	94363.0	English, French	Jean Grey begins to develop incredible powers that corrupt and turn her into a Dark Phoenix. Now the X-Men will have to decide if the life of a team member is worth more than all of humanity.	113 min	https://m.media-amazon.com/images/M/MV5BMjAwNDgxNTI0M15BMl5BanBnXkFtZTgwNTY4MDI1NzM@._V1_SX300.jpg	20th Century Fox	PG-13	Internet Movie Database:5.8/10,Rotten Tomatoes:23%,Metacritic:43/100	07 Jun 2019	Jean Grey begins to develop incredible powers that corrupt and turn her into a Dark Phoenix. Now the X-Men will have to decide if the life of a team member is worth more than all of humanity.	3W0teWwq5wg	"Simon Kinberg, Stan Lee (comic book created by), Jack Kirby (comic book created by), Chris Claremont (story ""The Dark Phoenix Saga""), John Byrne (story ""The Dark Phoenix Saga""), Dave Cockrum (story ""The Dark Phoenix Saga"")"	563.0	413.0	0.0	5441.0	www.youtube.com/watch/3W0teWwq5wg	502133.0
Judy	2019	74.0	Renée Zellweger, Jessie Buckley, Finn Wittrock, Rufus Sewell			UK	Rupert Goold		Biography, Drama, History, Romance	tt7549996	movie	3790.0	English	Legendary performer Judy Garland arrives in London in the winter of 1968 to perform a series of sold-out concerts.	118 min	https://m.media-amazon.com/images/M/MV5BYmE0OTE5NWItMGYyZi00MzUxLWFjN2QtYzBkZGRjZGVmMGFmXkEyXkFqcGdeQXVyNjg2NjQwMDQ@._V1_SX300.jpg	Roadside Attractions/LD Entertainment	PG-13	Internet Movie Database:7.2/10,Rotten Tomatoes:83%,Metacritic:66/100	04 Oct 2019	Legendary performer Judy Garland arrives in London in the winter of 1968 to perform a series of sold-out concerts.	iCfGxxLXJYc	"Tom Edge (screenplay by), Peter Quilter (based on the stageplay ""End of the Rainbow"" by)"	99.0	43.0	0.0	783.0	www.youtube.com/watch/iCfGxxLXJYc	218740.0
The Lodge	2019	163.0	Riley Keough, Alicia Silverstone, Richard Armitage, Jaeden Martell			UK	Severin Fiala, Veronika Franz		Drama, Horror, Thriller	tt7347846	movie	780.0	English	A soon-to-be stepmom is snowed in with her fiancé's two children at a remote holiday village. Just as relations begin to thaw between the trio, some strange and frightening events take place.	100 min	https://m.media-amazon.com/images/M/MV5BNzM1MTA3NTAwOV5BMl5BanBnXkFtZTgwNDA1NTYwODM@._V1_SX300.jpg	NEON	R	Internet Movie Database:6.7/10,Rotten Tomatoes:81%,Metacritic:68/100	07 Feb 2020	A soon-to-be stepmom is snowed in with her fiancé's two children at a remote holiday village. Just as relations begin to thaw between the trio, some strange and frightening events take place.	n8Ltg-wv714	Sergio Casci, Severin Fiala, Veronika Franz	257.0	154.0	0.0	2769.0	www.youtube.com/watch/n8Ltg-wv714	295792.0
